customer_id,age,employment_type,industry,loan_amount,annual_income,elapsed_years,pd_score,actual_default
C00001,32,自営業,医療,3059538,5023309,4,0.815322,0
C00002,66,正社員,製造業,9716100,7860448,2,0.143106,0
C00003,59,契約社員,建設,4083438,14674575,5,0.957472,0
C00004,31,契約社員,IT,3484838,11920599,3,0.529212,1
C00005,57,自営業,医療,9852709,12023429,1,0.269615,1
C00006,30,正社員,金融,5441857,7485102,5,0.60594,0
C00007,43,自営業,製造業,2119609,14175497,4,0.783176,1
C00008,57,正社員,建設,5063515,13960705,4,0.652074,1
C00009,23,正社員,製造業,2919587,12486056,1,0.211206,0
C00010,56,正社員,金融,7308109,12588162,3,0.677199,0
C00011,32,正社員,小売,5950155,10472548,2,0.210884,0
C00012,55,正社員,建設,7437758,3239369,5,0.535139,0
C00013,45,正社員,金融,9431292,5699189,3,0.459423,0
C00014,23,正社員,医療,7426172,11994304,4,0.680396,0
C00015,58,契約社員,金融,3735384,6249459,2,0.153769,1
C00016,34,正社員,金融,2414436,4241138,2,0.360728,0
C00017,67,正社員,金融,5529014,14314524,3,0.552586,0
C00018,62,正社員,建設,4766385,8348459,1,0.172019,0
C00019,31,正社員,小売,3473981,13188133,4,0.182169,0
C00020,50,契約社員,製造業,8206160,5694165,3,0.829321,1
C00021,39,パート,建設,9138994,6673376,4,0.33111,0
C00022,50,契約社員,金融,4124536,6462862,2,0.843882,1
C00023,48,契約社員,金融,6968444,6852476,5,0.556989,0
C00024,36,正社員,製造業,9850424,7688616,5,0.216973,0
C00025,53,パート,医療,612975,5870027,4,0.416893,0
C00026,34,正社員,製造業,3965474,12584699,1,0.164889,0
C00027,65,正社員,医療,7509406,6239692,3,0.623179,0
C00028,67,正社員,製造業,5227835,7739722,1,0.17069,0
C00029,29,正社員,小売,8022925,13188677,1,0.195702,0
C00030,56,自営業,製造業,5007993,7683008,3,0.681379,0
C00031,66,正社員,金融,1111807,2136589,4,0.635443,0
C00032,28,正社員,医療,4619806,2006344,5,0.545888,0
C00033,57,正社員,小売,4342801,7668684,2,0.552612,0
C00034,67,パート,小売,8533498,10430733,2,0.579319,1
C00035,32,自営業,製造業,1899820,14256916,3,0.828809,0
C00036,49,パート,医療,1975114,3700457,1,0.136831,0
C00037,60,自営業,金融,1844236,9054273,1,0.093844,0
C00038,38,パート,小売,5892815,5756284,3,0.38059,1
C00039,33,正社員,医療,9957813,7855795,2,0.136729,0
C00040,41,正社員,小売,6376715,7754295,3,0.439598,0
C00041,38,正社員,建設,8254744,6060807,2,0.23129,0
C00042,56,正社員,IT,8586603,2236994,4,0.476739,0
C00043,39,契約社員,金融,6205757,2960864,4,0.578223,0
C00044,40,正社員,小売,6287402,8791076,2,0.461447,0
C00045,67,正社員,IT,2809111,4918324,4,0.066774,0
C00046,49,契約社員,金融,9620194,6251306,4,0.704549,0
C00047,66,正社員,建設,7984368,3175959,2,0.53178,0
C00048,56,正社員,医療,8785594,2644998,2,0.242128,0
C00049,64,正社員,建設,9845257,3647092,3,0.4259,0
C00050,31,契約社員,医療,3813029,6904508,1,0.504812,1
C00051,67,正社員,医療,1865603,4125715,1,0.061543,0
C00052,67,正社員,IT,8669112,5008584,1,0.190536,1
C00053,23,正社員,医療,4993120,5926382,4,0.883166,1
C00054,39,自営業,小売,9605540,5787189,3,0.162263,0
C00055,41,正社員,医療,7097688,2143216,4,0.386335,0
C00056,42,正社員,小売,2943373,3525740,4,0.909871,0
C00057,59,パート,製造業,3870801,14351871,3,0.110298,0
C00058,55,自営業,小売,6296984,10683988,3,0.29324,0
C00059,32,正社員,建設,4246068,3609648,1,0.218408,0
C00060,51,正社員,製造業,3177137,5688168,1,0.046932,0
C00061,68,正社員,小売,2493380,6980935,3,0.404731,1
C00062,43,契約社員,小売,6670889,13773709,3,0.492115,0
C00063,66,正社員,金融,834204,13433859,3,0.678695,0
C00064,53,パート,建設,1389606,12015552,4,0.368617,0
C00065,66,自営業,製造業,904082,3385383,3,0.322531,0
C00066,65,契約社員,金融,7474786,8376497,3,0.453036,1
C00067,22,正社員,医療,778570,8286855,3,0.705929,0
C00068,60,自営業,小売,4488288,10287776,2,0.273704,0
C00069,31,契約社員,IT,1652585,12982187,1,0.162218,0
C00070,61,自営業,製造業,6079418,6172680,2,0.688992,0
C00071,60,正社員,小売,826921,9240514,2,0.723609,1
C00072,34,契約社員,医療,745692,5429529,2,0.199521,1
C00073,25,自営業,製造業,4404586,4734466,5,0.9999,1
C00074,42,パート,製造業,7106694,6073184,2,0.280499,0
C00075,36,契約社員,金融,1541436,11561624,1,0.268582,0
C00076,48,正社員,IT,5211918,7691744,2,0.086039,0
C00077,25,正社員,製造業,8198099,10857434,2,0.454444,1
C00078,24,契約社員,IT,6439885,10984981,3,0.291092,0
C00079,42,パート,小売,7627845,6708417,3,0.588608,0
C00080,58,契約社員,建設,3498846,14415547,4,0.50187,0
C00081,37,正社員,IT,9449224,2601837,3,0.265673,0
C00082,37,正社員,建設,1885291,13659769,2,0.498807,0
C00083,29,契約社員,建設,6250458,2102240,4,0.27103,0
C00084,35,自営業,製造業,4636575,6970586,1,0.362197,1
C00085,36,正社員,医療,801608,12730108,1,0.139035,0
C00086,34,正社員,IT,9467802,10895216,1,0.083306,0
C00087,38,パート,建設,7171341,6180246,4,0.350726,0
C00088,35,正社員,建設,2664043,13512757,3,0.09173,0
C00089,54,正社員,医療,997386,3791008,1,0.294888,0
C00090,38,正社員,金融,6920471,10719203,3,0.831722,1
C00091,58,正社員,小売,5678368,8741166,1,0.373224,0
C00092,51,正社員,製造業,973513,4693062,3,0.275828,0
C00093,52,契約社員,金融,9867766,13970833,2,0.213257,0
C00094,50,契約社員,医療,7321948,11951569,2,0.303681,0
C00095,66,契約社員,製造業,4895229,2110251,2,0.649382,0
C00096,34,契約社員,製造業,2765153,3128999,3,0.273875,0
C00097,69,正社員,建設,3074934,2729866,2,0.674946,0
C00098,31,正社員,小売,4789412,7400338,1,0.073422,0
C00099,28,正社員,金融,1042953,7421584,1,0.001817,0
C00100,61,正社員,IT,3993654,11411783,5,0.524242,0
C00101,65,契約社員,IT,2565815,10787557,5,0.451456,1
C00102,26,正社員,建設,1571983,2196003,3,0.624353,0
C00103,50,契約社員,金融,1696067,8189306,2,0.835287,1
C00104,46,正社員,建設,3783028,12202161,5,0.830855,0
C00105,32,正社員,金融,4134667,13668130,4,0.868091,0
C00106,46,正社員,金融,3826187,5798139,4,0.935508,0
C00107,54,正社員,IT,7054663,2573099,2,0.096467,0
C00108,49,契約社員,小売,5460004,3987413,2,0.256253,0
C00109,46,自営業,IT,2330769,6421831,1,0.119857,0
C00110,64,正社員,医療,9737340,7761356,5,0.738328,0
C00111,32,契約社員,金融,7435963,6567522,3,0.514582,1
C00112,51,自営業,建設,4965166,3177012,2,0.134136,0
C00113,37,正社員,金融,967103,6421654,2,0.33802,0
C00114,68,正社員,金融,9187049,5768605,3,0.307354,0
C00115,34,正社員,金融,7572843,8339917,1,0.169188,0
C00116,63,正社員,金融,4884798,3029162,5,0.740481,0
C00117,52,自営業,金融,2036659,12277502,4,0.92189,0
C00118,32,正社員,医療,1521661,7421178,4,0.975325,1
C00119,58,正社員,建設,3253826,6132474,2,0.427241,0
C00120,33,自営業,製造業,2686452,13784770,3,0.412431,0
C00121,34,正社員,製造業,2488497,11678282,3,0.814152,0
C00122,38,契約社員,製造業,4371418,3778907,3,0.411624,0
C00123,54,正社員,建設,942628,3904051,1,0.164927,0
C00124,40,正社員,IT,3591003,2027794,2,0.875371,1
C00125,49,正社員,金融,8774810,9289423,1,0.347612,0
C00126,48,正社員,建設,8725379,6611427,3,0.362034,0
C00127,31,正社員,製造業,579934,6876144,2,0.263059,0
C00128,33,契約社員,製造業,6947133,8622168,1,0.415831,0
C00129,36,契約社員,製造業,9915365,9009740,1,0.152558,0
C00130,32,契約社員,IT,5993930,2012677,3,0.227278,0
C00131,66,正社員,製造業,4208251,3400746,1,0.092644,0
C00132,40,パート,小売,5166681,12259104,5,0.649908,1
C00133,41,正社員,建設,2525795,14395017,3,0.564857,0
C00134,54,自営業,IT,4274071,12883087,2,0.494315,1
C00135,59,契約社員,小売,9400898,13780784,3,0.339697,0
C00136,55,契約社員,IT,6315828,8025706,1,0.200637,0
C00137,48,正社員,製造業,4593339,12743152,5,0.431031,0
C00138,68,自営業,金融,1683768,13468950,3,0.399522,0
C00139,65,契約社員,建設,9109115,13606177,4,0.289287,0
C00140,31,正社員,IT,2044065,3941894,1,0.179778,1
C00141,29,自営業,建設,7355249,3906942,3,0.217081,0
C00142,40,正社員,医療,3379605,7233805,3,0.246013,0
C00143,62,正社員,製造業,3146873,8548383,5,0.884156,0
C00144,68,契約社員,製造業,2126254,14455821,3,0.932733,1
C00145,55,自営業,IT,4063267,6132819,3,0.125988,0
C00146,55,正社員,医療,6932438,12809980,2,0.284047,0
C00147,33,正社員,製造業,4458086,13536018,2,0.803982,1
C00148,50,正社員,金融,735299,14548125,3,0.66018,1
C00149,30,正社員,小売,3008041,4462690,2,0.215228,1
C00150,47,正社員,製造業,2021686,5144396,1,0.220846,0
C00151,31,正社員,製造業,4316601,4859289,4,0.73358,0
C00152,25,自営業,製造業,9074777,11557484,5,0.186402,0
C00153,68,正社員,製造業,9646067,10927288,1,0.414245,0
C00154,64,正社員,小売,9976660,7292098,3,0.730498,0
C00155,54,正社員,医療,1570392,3155695,1,0.153581,0
C00156,52,正社員,金融,5132110,8770587,3,0.355377,1
C00157,33,正社員,IT,933046,11520774,2,0.236044,1
C00158,49,正社員,IT,5206016,8166143,3,0.214332,0
C00159,57,正社員,医療,5978434,5485655,4,0.500268,0
C00160,47,正社員,医療,7847289,9698763,4,0.385009,0
C00161,35,契約社員,小売,3696026,10592160,1,0.212123,0
C00162,40,自営業,金融,843801,9686530,5,0.63631,1
C00163,62,正社員,製造業,4814494,13349492,2,0.32549,0
C00164,34,正社員,医療,4556704,6081151,1,0.138376,0
C00165,68,正社員,製造業,6429957,9924948,3,0.240229,0
C00166,58,正社員,製造業,1448364,13115325,2,0.201265,0
C00167,64,契約社員,建設,6325295,4764888,4,0.553472,1
C00168,46,契約社員,IT,4308801,5660649,4,0.783068,0
C00169,32,正社員,製造業,7520742,2639151,2,0.322458,0
C00170,23,正社員,小売,9846308,6874714,5,0.65897,0
C00171,47,正社員,製造業,2662400,2579981,2,0.284815,0
C00172,41,正社員,IT,7659516,11702872,3,0.090412,0
C00173,27,パート,小売,1713083,3154554,2,0.466316,0
C00174,66,正社員,IT,9857936,11001470,5,0.490408,0
C00175,68,正社員,建設,5069318,9537633,1,0.051651,0
C00176,39,正社員,製造業,7587462,14842681,1,0.188605,0
C00177,54,正社員,小売,7886336,6526832,2,0.026397,0
C00178,41,正社員,製造業,6277046,6482325,5,0.762725,0
C00179,45,正社員,建設,4151712,5160390,5,0.525251,0
C00180,51,正社員,建設,7665098,8984516,4,0.779288,1
C00181,41,正社員,建設,5024911,4850985,5,0.735543,0
C00182,60,契約社員,IT,6761371,3474086,5,0.579186,0
C00183,31,正社員,IT,6325921,14331560,3,0.243885,0
C00184,54,正社員,医療,4908627,10829106,2,0.23943,0
C00185,69,自営業,建設,1612165,3544615,4,0.223941,0
C00186,62,正社員,IT,3279190,10034808,3,0.479332,1
C00187,24,パート,製造業,9409118,5962587,2,0.487289,0
C00188,27,パート,金融,5441692,4340752,1,0.020419,0
C00189,52,正社員,小売,6542701,8129204,4,0.421495,1
C00190,66,正社員,金融,2955688,12239142,2,0.55809,0
C00191,62,自営業,建設,7204913,2005843,5,0.805411,1
C00192,65,正社員,小売,5123425,6617522,2,0.597604,1
C00193,29,正社員,医療,2578116,13972392,1,0.120315,1
C00194,46,契約社員,医療,1888286,7126340,4,0.669508,1
C00195,56,正社員,金融,4252584,3288281,1,0.129526,1
C00196,51,自営業,医療,5871254,7571620,1,0.184171,0
C00197,59,契約社員,金融,3161574,10872118,3,0.292673,0
C00198,32,自営業,製造業,2830195,14952192,5,0.884414,1
C00199,43,契約社員,IT,3061300,10175251,1,0.378681,1
C00200,43,契約社員,金融,3289277,2656880,2,0.266035,0
C00201,67,正社員,医療,7520592,12517830,4,0.358569,1
C00202,31,パート,建設,5240767,12141361,5,0.531127,0
C00203,37,パート,製造業,4956552,10468041,3,0.731238,0
C00204,23,自営業,製造業,2043999,13655011,1,0.122839,0
C00205,29,自営業,小売,5673306,12002037,1,0.328605,0
C00206,69,契約社員,小売,9642609,5018912,2,0.445125,0
C00207,62,正社員,建設,7582371,7476232,1,0.337904,0
C00208,34,自営業,IT,4745971,8596616,3,0.172801,0
C00209,55,正社員,建設,3416219,8353158,1,0.078981,0
C00210,50,正社員,金融,3846653,10304300,3,0.287217,0
C00211,65,正社員,金融,755191,11121608,3,0.176147,0
C00212,36,契約社員,金融,777367,3351471,3,0.016389,0
C00213,69,契約社員,医療,7875320,9389547,1,0.531631,0
C00214,39,正社員,金融,8510917,2504588,4,0.78215,1
C00215,56,正社員,小売,9701269,8650001,4,0.759355,0
C00216,41,正社員,医療,6445422,7488314,4,0.835107,1
C00217,54,正社員,製造業,9327285,4672259,1,0.40808,0
C00218,38,正社員,小売,4455849,14880673,1,0.232887,0
C00219,62,契約社員,建設,2913796,5355407,5,0.924707,1
C00220,52,正社員,医療,2832561,2732206,2,0.234915,0
C00221,35,正社員,製造業,2748074,6660464,2,0.308895,0
C00222,68,正社員,建設,7578806,11846273,3,0.329532,0
C00223,56,正社員,建設,594390,2120697,3,0.321522,0
C00224,42,自営業,金融,9482009,8407220,5,0.395837,0
C00225,28,正社員,建設,7860728,7425725,2,0.413945,0
C00226,68,正社員,金融,4117692,13255065,5,0.147751,0
C00227,58,契約社員,小売,7167654,2035990,1,0.151606,0
C00228,54,正社員,金融,1781322,2225225,3,0.902558,0
C00229,61,自営業,IT,4598228,9345201,3,0.80659,0
C00230,51,パート,建設,1537350,4331915,1,0.559259,1
C00231,33,契約社員,IT,1564921,11152374,1,0.187541,0
C00232,33,パート,IT,560438,5615556,2,0.370067,0
C00233,25,正社員,医療,8060203,9307932,5,0.774883,1
C00234,25,正社員,医療,7567577,2490604,3,0.069958,0
C00235,56,正社員,小売,8983261,11015760,5,0.496942,0
C00236,62,正社員,小売,9823257,8737212,4,0.356441,0
C00237,29,正社員,金融,9665501,2000171,3,0.756115,0
C00238,49,正社員,小売,9931769,5455603,4,0.86121,0
C00239,27,正社員,小売,650663,2772745,1,0.156934,0
C00240,41,正社員,小売,7949874,2582971,1,0.183574,0
C00241,59,契約社員,小売,7370609,11080012,4,0.954365,0
C00242,60,正社員,小売,2040746,7562584,4,0.617877,1
C00243,67,正社員,医療,1799703,12437702,2,0.295363,1
C00244,36,正社員,建設,9788240,5351077,3,0.478629,1
C00245,67,契約社員,金融,8884126,11330121,3,0.712004,0
C00246,59,正社員,小売,3614228,9996613,5,0.785968,0
C00247,38,契約社員,IT,1210281,10619159,3,0.467732,0
C00248,37,正社員,IT,3669386,12764169,2,0.320702,1
C00249,27,正社員,建設,550520,11195975,2,0.247865,0
C00250,66,パート,小売,7029701,11692788,2,0.163599,0
C00251,31,正社員,製造業,4111473,11614669,3,0.539158,0
C00252,34,正社員,金融,965967,7811048,5,0.778889,1
C00253,41,正社員,医療,9807344,11416908,3,0.34991,1
C00254,28,正社員,小売,8344813,12948149,2,0.226863,0
C00255,60,正社員,医療,9094941,11594110,2,0.439895,0
C00256,55,正社員,小売,9974325,9899978,4,0.320708,0
C00257,29,正社員,製造業,634641,2962256,4,0.281178,0
C00258,29,パート,IT,7863163,7675715,1,0.068853,0
C00259,23,正社員,製造業,7981516,2822530,1,0.033661,0
C00260,67,正社員,建設,7925927,3349621,3,0.718767,0
C00261,42,自営業,建設,3018015,6694559,1,0.207958,0
C00262,53,正社員,金融,4207980,8033626,4,0.573719,0
C00263,29,自営業,建設,9326833,8858757,2,0.365559,0
C00264,33,正社員,小売,1126253,13703654,1,0.33366,0
C00265,47,契約社員,建設,6590252,11914048,5,0.959877,0
C00266,32,パート,建設,8030341,7497612,1,0.201467,1
C00267,51,正社員,金融,8081423,6351201,2,0.555001,0
C00268,66,自営業,小売,6173002,11263637,1,0.235369,0
C00269,36,契約社員,IT,7785202,5576522,1,0.306643,0
C00270,51,自営業,建設,9138718,13487002,1,0.387443,0
C00271,65,正社員,医療,7775660,12158828,1,0.158415,0
C00272,64,正社員,IT,1601647,10872746,1,0.168929,1
C00273,22,正社員,建設,2823131,5241379,1,0.15013,0
C00274,27,パート,製造業,3398669,10082528,3,0.058238,0
C00275,69,正社員,金融,3759388,12670938,3,0.392278,0
C00276,66,正社員,建設,3926233,2935424,2,0.250218,0
C00277,37,自営業,IT,2588687,4302736,2,0.649196,0
C00278,46,正社員,IT,6991157,8697550,3,0.811601,0
C00279,49,契約社員,金融,1547250,6673156,5,0.228881,0
C00280,54,正社員,製造業,7983579,11225005,5,0.916989,0
C00281,58,契約社員,小売,6757111,7213983,1,0.399914,0
C00282,39,正社員,製造業,9629694,14956547,1,0.192416,0
C00283,64,正社員,IT,562109,5893636,2,0.358531,1
C00284,24,正社員,IT,3306368,6682700,2,0.582294,1
C00285,23,正社員,医療,9034196,2043639,3,0.56047,0
C00286,67,正社員,医療,5189546,5217397,2,0.119394,0
C00287,30,正社員,製造業,5828736,5061620,1,0.316172,1
C00288,69,契約社員,製造業,775128,11916053,2,0.701766,0
C00289,35,正社員,建設,7740025,6389496,3,0.206225,0
C00290,39,正社員,IT,2903385,4645063,1,0.124457,1
C00291,23,正社員,小売,9649696,6077123,4,0.750015,0
C00292,67,正社員,医療,4053033,9314422,1,0.524837,1
C00293,39,契約社員,製造業,2291912,12212222,5,0.864249,0
C00294,30,正社員,医療,6141159,14724999,1,0.17818,0
C00295,45,自営業,製造業,5035585,2615780,4,0.265141,0
C00296,29,契約社員,IT,4973032,12932814,5,0.907505,0
C00297,59,自営業,小売,9523563,7056333,5,0.654061,0
C00298,25,契約社員,医療,3962513,12507134,4,0.359374,0
C00299,45,正社員,小売,4278197,2487700,4,0.955908,1
C00300,40,パート,製造業,6428741,10139207,3,0.18894,0
C00301,23,自営業,IT,2118918,14098419,4,0.907447,1
C00302,24,契約社員,建設,8371849,2508697,1,0.103252,0
C00303,46,正社員,小売,2684017,12272723,3,0.404896,0
C00304,40,正社員,製造業,2795971,3486246,3,0.226221,0
C00305,28,契約社員,小売,601800,14768101,5,0.446515,0
C00306,28,正社員,金融,3757321,11676827,3,0.980492,1
C00307,60,契約社員,製造業,6035757,13832087,2,0.571397,1
C00308,57,正社員,IT,7196775,13669885,3,0.403677,1
C00309,51,正社員,医療,9036187,6105566,2,0.398492,0
C00310,62,正社員,建設,7890436,7407036,1,0.108151,0
C00311,25,正社員,製造業,3549663,10990585,3,0.241853,0
C00312,55,正社員,製造業,8341271,4273537,2,0.188845,0
C00313,58,自営業,金融,2348277,5985203,2,0.393102,0
C00314,31,契約社員,金融,2488646,3287588,2,0.851539,1
C00315,47,パート,金融,3901618,13546746,2,0.449131,1
C00316,58,契約社員,建設,5623036,5222338,2,0.214657,0
C00317,50,自営業,IT,2429738,7339787,2,0.617168,0
C00318,33,正社員,製造業,9050106,7882589,3,0.2936,0
C00319,53,自営業,建設,3067603,6886538,2,0.19514,0
C00320,58,パート,医療,4223529,12113423,5,0.60016,1
C00321,22,契約社員,IT,6247494,13882894,5,0.992107,1
C00322,49,正社員,金融,4583889,9447805,3,0.844137,0
C00323,46,契約社員,小売,4336939,12877624,2,0.059599,0
C00324,39,正社員,製造業,9855818,3440743,3,0.616363,0
C00325,24,正社員,医療,4640815,14563377,4,0.959698,0
C00326,26,契約社員,IT,1574000,3506685,3,0.200035,0
C00327,58,自営業,小売,7437502,2864345,4,0.498068,0
C00328,61,正社員,金融,7203219,2289067,3,0.208538,0
C00329,42,正社員,建設,2579931,5163405,3,0.364995,0
C00330,67,自営業,IT,8576750,12883278,2,0.223757,0
C00331,66,正社員,製造業,4223402,5911151,4,0.472328,0
C00332,53,正社員,小売,1932538,12281725,2,0.175675,0
C00333,49,契約社員,医療,2138320,7516577,3,0.052017,0
C00334,68,自営業,小売,7287306,3351215,5,0.330812,0
C00335,51,正社員,建設,2552350,8150691,1,0.528351,0
C00336,66,正社員,金融,4962513,5020580,3,0.321052,0
C00337,68,正社員,製造業,7473955,5789141,1,0.035039,0
C00338,31,正社員,金融,8602464,8724366,4,0.211245,0
C00339,53,自営業,医療,5151648,12275856,1,0.280385,0
C00340,57,自営業,建設,9120797,9628614,5,0.287186,0
C00341,61,正社員,建設,3374893,4902174,1,0.090103,0
C00342,38,正社員,IT,8788607,11327197,5,0.075759,0
C00343,63,正社員,小売,2878046,11054725,4,0.774028,1
C00344,45,正社員,小売,1111658,5081855,3,0.645172,1
C00345,40,正社員,小売,7390746,13072988,4,0.649367,1
C00346,29,正社員,医療,7690125,12961733,4,0.70249,0
C00347,37,自営業,建設,9300088,9848077,5,0.907724,0
C00348,68,正社員,IT,9254512,5849991,2,0.936927,1
C00349,56,契約社員,IT,1471327,6604066,3,0.576769,0
C00350,56,正社員,小売,6402810,7712627,1,0.133821,0
C00351,64,自営業,医療,7192119,4442586,3,0.607156,1
C00352,34,パート,医療,6208323,5977127,1,0.0364,0
C00353,53,正社員,小売,677627,3746500,3,0.491351,0
C00354,39,正社員,小売,927551,4009160,3,0.170325,0
C00355,62,契約社員,建設,6870201,11674272,3,0.330942,0
C00356,42,正社員,医療,8632314,3668583,3,0.250367,0
C00357,63,正社員,製造業,2202360,8098716,4,0.46485,0
C00358,57,正社員,IT,940833,7580156,4,0.19904,0
C00359,59,自営業,金融,4338072,2602154,3,0.44183,0
C00360,66,正社員,小売,3478341,12807146,3,0.31705,0
C00361,59,正社員,IT,9837585,14789914,5,0.511786,0
C00362,37,正社員,IT,9295700,10299408,1,0.241659,0
C00363,47,契約社員,製造業,5802017,10726942,1,0.118704,0
C00364,44,正社員,製造業,9522579,5025171,1,0.004377,0
C00365,25,自営業,金融,2673713,12974374,3,0.597242,0
C00366,50,契約社員,医療,9923056,12195350,2,0.225162,0
C00367,42,正社員,IT,4746482,7696453,4,0.220087,0
C00368,40,正社員,IT,5025822,11175557,3,0.156855,0
C00369,27,自営業,IT,980292,14420703,2,0.331052,0
C00370,46,自営業,医療,2185580,9836953,5,0.979195,0
C00371,49,正社員,小売,2346975,4593825,4,0.384502,0
C00372,27,正社員,小売,5135473,6295862,2,0.913639,1
C00373,52,正社員,IT,2303048,4406769,2,0.104664,0
C00374,30,正社員,医療,1471972,6309831,2,0.303236,1
C00375,28,正社員,IT,6248573,13574352,1,0.040457,0
C00376,41,正社員,医療,8789093,4466637,1,0.391565,0
C00377,40,正社員,医療,1164637,13592322,5,0.948804,1
C00378,65,自営業,小売,5825104,5706727,2,0.302443,0
C00379,25,自営業,医療,9622736,8487253,2,0.36026,0
C00380,38,自営業,医療,4342806,8868847,4,0.72331,0
C00381,57,契約社員,小売,2238131,3635222,3,0.411395,0
C00382,33,契約社員,建設,1255541,4392055,5,0.070267,0
C00383,69,正社員,小売,9395170,5967814,4,0.299704,0
C00384,57,契約社員,小売,4349786,2779683,3,0.20259,0
C00385,67,正社員,金融,1498993,11803981,2,0.162436,0
C00386,67,正社員,小売,8728821,9101110,5,0.178755,1
C00387,27,パート,IT,8119127,12997895,4,0.63784,1
C00388,44,自営業,IT,7182357,13220553,5,0.991921,1
C00389,57,正社員,IT,1301392,6519512,1,0.202554,0
C00390,22,契約社員,製造業,1283327,12622528,5,0.365295,0
C00391,43,正社員,医療,2579223,2796037,3,0.757682,1
C00392,55,正社員,IT,2019118,7586082,1,0.192339,0
C00393,60,正社員,建設,5552598,10654447,3,0.623907,0
C00394,41,正社員,金融,4226931,8060959,3,0.14353,0
C00395,63,契約社員,金融,7770509,11613462,1,0.105778,0
C00396,54,正社員,IT,1463063,13161802,3,0.277135,0
C00397,24,正社員,建設,7415581,7512191,4,0.34116,0
C00398,35,パート,小売,9373392,5567960,2,0.342511,0
C00399,67,正社員,金融,1740552,9580269,3,0.366897,0
C00400,22,正社員,小売,6696775,13290279,2,0.645302,0
C00401,27,正社員,建設,5335593,14835830,2,0.872878,1
C00402,38,正社員,小売,1400818,12602068,5,0.601393,1
C00403,69,正社員,金融,3281878,5184982,4,0.443078,0
C00404,55,契約社員,医療,7986546,4668704,1,0.053472,0
C00405,29,自営業,医療,8755564,9448710,5,0.241841,0
C00406,40,正社員,医療,3999856,7228399,5,0.210033,0
C00407,67,正社員,製造業,1511980,9942485,2,0.618746,0
C00408,32,正社員,医療,2826271,14003296,4,0.660567,1
C00409,49,自営業,IT,8512608,9138394,1,0.109356,0
C00410,44,正社員,小売,5914857,6622023,5,0.040442,0
C00411,58,正社員,小売,4589592,13298685,3,0.157479,0
C00412,58,パート,IT,627035,7709164,3,0.199149,0
C00413,61,契約社員,製造業,7935645,9865098,1,0.243875,0
C00414,27,正社員,医療,4921278,3758882,5,0.88168,0
C00415,43,正社員,医療,5679962,8602570,1,0.106769,0
C00416,55,正社員,IT,8516148,7541993,2,0.610669,0
C00417,42,パート,小売,5842772,3599195,1,0.208907,0
C00418,54,正社員,製造業,9316548,4750915,4,0.568025,0
C00419,52,正社員,小売,5815779,11141720,1,0.078831,0
C00420,39,契約社員,IT,3754270,4347643,5,0.766201,0
C00421,26,正社員,建設,9265520,3717395,3,0.933746,1
C00422,68,正社員,小売,6603148,2748126,1,0.088462,1
C00423,61,自営業,金融,7723914,2345408,1,0.307169,0
C00424,64,正社員,建設,2654822,7647377,1,0.166704,0
C00425,36,自営業,金融,6874995,8350905,3,0.453241,0
C00426,37,自営業,製造業,5822024,10116294,4,0.681541,0
C00427,37,正社員,小売,1499314,9441789,2,0.181653,1
C00428,23,契約社員,建設,2913263,8978293,4,0.951004,1
C00429,30,自営業,金融,9160696,14987703,1,0.258459,0
C00430,36,契約社員,IT,5927887,5249605,4,0.361818,0
C00431,69,契約社員,製造業,7855879,11260249,5,0.814437,0
C00432,31,正社員,IT,2131360,3034958,4,0.944352,1
C00433,46,正社員,建設,2569640,13031675,3,0.289544,1
C00434,48,契約社員,IT,9441710,6714658,4,0.211833,0
C00435,39,正社員,医療,4491609,6503044,1,0.221173,0
C00436,66,正社員,IT,8925716,3757359,2,0.854045,1
C00437,26,正社員,金融,8179207,8615891,1,0.124835,0
C00438,63,正社員,建設,3700723,7194791,3,0.881084,1
C00439,57,自営業,小売,9520339,14665497,4,0.436519,0
C00440,36,自営業,製造業,7878298,4314192,3,0.70401,0
C00441,58,自営業,製造業,1713000,7426051,5,0.936942,1
C00442,42,正社員,IT,1407289,13702424,1,0.258994,1
C00443,68,正社員,医療,1703060,12494776,4,0.603901,0
C00444,23,自営業,製造業,7533429,11938552,1,0.277938,1
C00445,23,正社員,製造業,1860302,8837859,2,0.182923,0
C00446,48,契約社員,建設,3183362,13352030,4,0.696679,0
C00447,66,契約社員,小売,4627047,4911504,5,0.321728,0
C00448,25,正社員,医療,1788596,12525202,3,0.359414,0
C00449,59,正社員,IT,3639090,9545442,1,0.340445,0
C00450,67,契約社員,小売,6942817,6549420,3,0.719384,1
C00451,45,正社員,製造業,9735018,4834806,1,0.562208,1
C00452,63,自営業,小売,4963165,8781208,5,0.52701,1
C00453,58,契約社員,製造業,7593858,2039350,4,0.6736,0
C00454,32,正社員,医療,5536326,11291354,1,0.704093,0
C00455,63,契約社員,金融,4929942,5066648,1,0.242069,0
C00456,55,正社員,IT,5445033,7059861,1,0.383147,0
C00457,22,正社員,医療,9606201,4510870,5,0.199279,0
C00458,49,パート,製造業,1064755,8050055,3,0.92412,0
C00459,53,契約社員,建設,5377125,6821975,4,0.914802,0
C00460,60,契約社員,小売,988112,4440757,3,0.188447,0
C00461,59,自営業,建設,8812762,13551760,3,0.136966,0
C00462,44,正社員,IT,6211091,11872122,1,0.344449,0
C00463,36,正社員,医療,948885,7042090,5,0.832918,0
C00464,31,正社員,金融,6426714,2749286,2,0.210836,0
C00465,26,正社員,金融,4639352,12987440,3,0.998997,0
C00466,52,正社員,金融,948158,11060111,3,0.953867,1
C00467,68,正社員,IT,9793542,9222969,3,0.555324,0
C00468,25,契約社員,IT,4095174,9860299,5,0.17813,0
C00469,55,正社員,製造業,725997,2098991,1,0.242581,0
C00470,50,契約社員,金融,6322087,8160055,3,0.403682,0
C00471,30,自営業,金融,4065326,4453577,2,0.144053,0
C00472,32,パート,金融,6738466,10467238,3,0.080596,0
C00473,35,正社員,医療,2042398,14106615,1,0.256506,0
C00474,54,パート,製造業,8368620,8900621,1,0.181175,0
C00475,36,自営業,医療,4490007,9854255,2,0.03855,0
C00476,61,正社員,医療,4496957,10676900,2,0.754456,1
C00477,39,正社員,製造業,8135686,14084110,2,0.109319,0
C00478,27,正社員,建設,5708449,2496421,3,0.774381,0
C00479,26,契約社員,IT,512791,6031560,3,0.430873,0
C00480,41,契約社員,製造業,5996324,5488695,2,0.43198,1
C00481,41,正社員,医療,6636292,11315311,2,0.617186,1
C00482,57,自営業,製造業,3464430,7822723,2,0.599137,1
C00483,44,正社員,IT,2217227,12036327,3,0.390779,0
C00484,29,正社員,製造業,1011341,8141325,2,0.118588,0
C00485,32,自営業,製造業,8539225,14684095,1,0.183328,0
C00486,49,パート,製造業,540146,11970751,2,0.32141,0
C00487,38,自営業,医療,6042831,2236294,3,0.256443,0
C00488,54,正社員,製造業,8443192,14849970,2,0.603483,0
C00489,66,正社員,建設,3845196,14379084,3,0.241425,1
C00490,39,正社員,製造業,2402202,2564366,3,0.247296,0
C00491,48,正社員,医療,7292031,7090673,4,0.041857,0
C00492,61,正社員,医療,6487419,14617366,3,0.578611,0
C00493,32,パート,小売,641488,12893902,3,0.596443,0
C00494,46,契約社員,建設,5981951,8087617,2,0.206675,0
C00495,36,正社員,IT,503680,9081268,4,0.313037,0
C00496,52,正社員,建設,4296514,2385442,3,0.60496,1
C00497,57,正社員,IT,3388515,9340444,2,0.433062,0
C00498,28,正社員,小売,8418187,10662529,3,0.279847,0
C00499,30,契約社員,医療,9784138,6671912,2,0.569821,0
C00500,23,正社員,建設,7134815,5987921,3,0.592816,0
C00501,22,自営業,IT,7477065,12770144,4,0.573521,0
C00502,24,正社員,建設,716043,7832761,5,0.314551,0
C00503,55,正社員,医療,1107869,5432176,5,0.814217,0
C00504,65,パート,医療,7878594,6872679,3,0.916892,1
C00505,41,正社員,建設,4568140,8399138,3,0.941515,1
C00506,64,正社員,建設,5316489,5373494,4,0.909388,1
C00507,57,契約社員,建設,7073976,9282269,2,0.700191,0
C00508,60,正社員,建設,3796683,13195906,4,0.625527,1
C00509,57,正社員,製造業,6977577,11652774,3,0.795402,0
C00510,31,正社員,建設,7405404,5007407,1,0.330339,0
C00511,47,正社員,IT,2783564,8131259,1,0.336862,0
C00512,47,正社員,小売,7017624,9068132,4,0.695668,0
C00513,52,正社員,金融,2109350,10843678,1,0.049821,0
C00514,60,自営業,IT,3450588,11833559,2,0.244319,0
C00515,27,自営業,IT,7911399,8308823,2,0.311313,0
C00516,54,正社員,製造業,9838870,6095694,1,0.267307,1
C00517,61,正社員,金融,1113994,10571168,2,0.431487,0
C00518,27,正社員,金融,6662731,3634758,4,0.484896,0
C00519,41,正社員,金融,5912694,10763865,1,0.128382,0
C00520,64,正社員,製造業,6254907,13651987,4,0.814521,0
C00521,23,自営業,小売,7974639,11222740,5,0.632789,0
C00522,29,正社員,IT,1163863,7637348,2,0.868151,0
C00523,60,正社員,医療,7522923,12702898,1,0.142609,0
C00524,30,契約社員,製造業,3153528,8918748,3,0.272241,0
C00525,55,自営業,製造業,1965796,9029393,1,0.235735,0
C00526,65,正社員,IT,4746253,13077571,2,0.073105,0
C00527,45,正社員,金融,756752,4512616,5,0.883189,1
C00528,45,パート,医療,6490944,12136865,5,0.570631,0
C00529,42,正社員,小売,5869339,10835331,4,0.569488,0
C00530,39,契約社員,金融,5371255,8877427,2,0.357759,0
C00531,40,契約社員,医療,790406,3002535,3,0.475369,0
C00532,48,正社員,IT,7748813,11954507,4,0.552372,0
C00533,64,正社員,医療,834117,4846415,2,0.145839,0
C00534,69,正社員,金融,2994393,13641440,3,0.159988,0
C00535,63,正社員,IT,4261020,12298048,1,0.176357,0
C00536,27,正社員,IT,7170492,6727234,2,0.206841,0
C00537,36,自営業,製造業,4373357,7655912,3,0.653997,0
C00538,58,契約社員,建設,8257672,2331744,1,0.079277,0
C00539,48,パート,小売,9376642,8474574,1,0.304043,1
C00540,38,パート,小売,7767975,2753218,4,0.257587,0
C00541,36,契約社員,小売,869563,14836160,5,0.086361,0
C00542,27,正社員,製造業,7823043,10321632,3,0.481005,0
C00543,37,正社員,医療,2458900,5057242,4,0.944587,0
C00544,42,契約社員,小売,8940817,12448339,5,0.809289,0
C00545,41,契約社員,建設,9797170,2254185,1,0.051114,0
C00546,48,正社員,製造業,1299696,9141144,2,0.184785,0
C00547,35,契約社員,建設,1436912,3447844,2,0.296122,0
C00548,31,正社員,建設,7123320,2707784,1,0.049099,0
C00549,64,正社員,金融,1861452,5178524,4,0.418543,0
C00550,41,自営業,医療,9702443,5826651,2,0.106014,0
C00551,34,正社員,小売,5632737,11436961,3,0.257661,0
C00552,52,正社員,医療,5949681,13580643,1,0.061446,0
C00553,48,契約社員,建設,8672846,12085687,1,0.114682,1
C00554,49,契約社員,IT,2564505,11618274,5,0.332448,0
C00555,32,正社員,医療,5779916,9351356,1,0.244856,0
C00556,56,契約社員,建設,9988162,6825343,2,0.48973,0
C00557,31,正社員,IT,709645,5315603,2,0.072923,0
C00558,62,契約社員,建設,2159434,14295260,3,0.416422,0
C00559,42,正社員,金融,1887816,8782645,3,0.233241,1
C00560,41,パート,医療,3687798,9336400,3,0.418994,0
C00561,40,自営業,IT,1734296,2194448,1,0.30538,0
C00562,42,正社員,IT,2134590,7953788,2,0.345083,0
C00563,53,正社員,金融,8600498,10863412,4,0.183682,0
C00564,45,正社員,金融,4912872,8436612,3,0.297594,0
C00565,28,契約社員,小売,3901453,9985868,3,0.875712,0
C00566,49,契約社員,IT,4479322,12526180,3,0.498351,0
C00567,34,契約社員,建設,9720994,2283355,4,0.143434,0
C00568,27,自営業,製造業,5166789,13757085,1,0.213739,1
C00569,62,正社員,IT,4955070,12621152,2,0.820499,1
C00570,37,契約社員,小売,9315843,7458794,3,0.115188,0
C00571,50,正社員,IT,854184,11924545,2,0.168669,0
C00572,30,契約社員,金融,5044082,2864887,4,0.571363,0
C00573,38,正社員,小売,7608177,3401037,3,0.572418,0
C00574,40,自営業,IT,5388950,10259897,4,0.238775,0
C00575,28,正社員,医療,8748173,13130378,5,0.831449,0
C00576,68,正社員,医療,8923480,9819409,3,0.203644,0
C00577,36,正社員,医療,3694552,11250231,5,0.462426,0
C00578,49,パート,金融,8268701,3861343,3,0.418979,0
C00579,49,正社員,金融,2817754,14142232,5,0.556065,1
C00580,42,正社員,医療,2777359,4512371,2,0.375718,0
C00581,50,正社員,建設,9785987,8842386,3,0.210007,0
C00582,49,正社員,建設,622796,10881680,3,0.702566,1
C00583,25,自営業,IT,3854890,13136415,1,0.536458,0
C00584,54,パート,医療,6480246,14136172,2,0.181671,0
C00585,27,自営業,小売,4428344,9783372,5,0.443055,0
C00586,42,自営業,建設,8526074,9491696,3,0.342684,0
C00587,39,正社員,建設,2890066,7422729,1,0.134683,0
C00588,43,正社員,製造業,5752076,9381571,2,0.377948,1
C00589,25,契約社員,製造業,1689191,10772959,1,0.072829,0
C00590,55,契約社員,製造業,2506180,10406862,1,0.200613,0
C00591,42,正社員,小売,2148797,9700349,5,0.787977,0
C00592,24,契約社員,医療,7542874,7727518,2,0.358747,0
C00593,22,正社員,製造業,2425708,4544890,2,0.081492,0
C00594,47,正社員,製造業,6860623,2704236,3,0.91666,0
C00595,53,正社員,金融,3783499,7470030,1,0.102844,0
C00596,48,自営業,金融,5867809,7154550,2,0.812563,1
C00597,56,契約社員,製造業,8801958,9904738,4,0.575056,0
C00598,58,正社員,小売,8701694,13703279,3,0.574555,0
C00599,63,自営業,医療,606735,11120038,5,0.9999,1
C00600,69,自営業,IT,7950303,12464309,3,0.380188,0
C00601,64,正社員,製造業,9578619,9515427,3,0.603842,0
C00602,60,自営業,IT,6845545,14056507,4,0.991397,1
C00603,42,正社員,IT,2278508,14214067,5,0.377977,0
C00604,46,正社員,金融,6815208,3986810,4,0.202866,1
C00605,51,正社員,製造業,6543319,10310726,5,0.192382,0
C00606,30,正社員,金融,6790925,8577451,4,0.452588,0
C00607,54,正社員,製造業,4573833,14636239,5,0.604655,0
C00608,50,正社員,建設,5489065,9601466,1,0.062191,0
C00609,46,正社員,金融,6692637,2207304,4,0.145517,0
C00610,62,契約社員,製造業,4907256,4729031,2,0.139552,0
C00611,54,契約社員,製造業,7848952,3683779,3,0.744985,0
C00612,66,正社員,金融,7241205,4612613,3,0.333665,0
C00613,68,正社員,小売,3379648,3245487,5,0.49272,0
C00614,61,正社員,IT,6299698,12166428,5,0.999267,1
C00615,36,自営業,IT,7686974,8423721,2,0.238838,0
C00616,31,自営業,小売,5154815,10734075,4,0.084832,0
C00617,36,正社員,金融,7292554,14998821,4,0.391992,0
C00618,56,契約社員,製造業,1703282,10413438,2,0.101145,0
C00619,63,契約社員,金融,4169299,8229905,1,0.165463,0
C00620,64,パート,IT,7168324,5470837,1,0.21449,0
C00621,54,正社員,医療,9003540,11808536,4,0.440239,0
C00622,54,正社員,建設,6636987,8588003,3,0.688398,0
C00623,67,契約社員,IT,6804915,11839760,5,0.851252,0
C00624,54,正社員,IT,3751360,2299909,3,0.157678,0
C00625,28,正社員,製造業,7158807,4120740,5,0.255739,0
C00626,46,正社員,建設,3885070,3689298,2,0.602879,0
C00627,39,正社員,医療,994552,10857979,4,0.293795,0
C00628,52,契約社員,IT,2843862,8737261,1,0.19873,0
C00629,52,契約社員,小売,6306513,6120524,3,0.383191,0
C00630,36,正社員,IT,9638195,6025739,4,0.403732,0
C00631,36,自営業,医療,5210028,9888523,5,0.336747,0
C00632,26,正社員,IT,8671913,14553707,4,0.536473,0
C00633,36,パート,製造業,7891128,14940476,1,0.081686,0
C00634,61,正社員,医療,5829966,8129301,2,0.227486,0
C00635,53,自営業,医療,8140981,10716556,1,0.0976,0
C00636,67,パート,金融,4315705,3086334,1,0.356198,0
C00637,66,自営業,医療,4705787,14290753,3,0.1044,1
C00638,63,自営業,IT,7499840,2231950,4,0.411642,0
C00639,30,正社員,IT,6569420,6449151,4,0.333923,0
C00640,38,契約社員,小売,5513418,11428353,5,0.991472,0
C00641,24,契約社員,小売,4615414,14606582,4,0.823995,0
C00642,26,正社員,金融,9770585,4229587,4,0.214628,0
C00643,33,パート,建設,1124039,10593169,1,0.15006,0
C00644,35,正社員,建設,1023664,4441560,2,0.865202,1
C00645,22,正社員,製造業,5050778,2653549,3,0.241771,0
C00646,62,パート,医療,825714,7509494,5,0.818163,0
C00647,47,正社員,製造業,3738616,9496103,1,0.05248,0
C00648,53,正社員,小売,5901805,5432787,3,0.478992,0
C00649,53,正社員,金融,4348982,14649883,3,0.405333,0
C00650,68,自営業,金融,2431152,10015502,1,0.061913,0
C00651,29,自営業,製造業,3204763,7698024,2,0.58618,1
C00652,38,正社員,金融,6240890,8314003,5,0.88413,0
C00653,36,契約社員,製造業,9538316,8035026,3,0.539568,0
C00654,48,契約社員,医療,7923519,3448857,2,0.147088,0
C00655,47,契約社員,製造業,5700293,9883088,5,0.944507,1
C00656,59,契約社員,金融,1812042,12201631,2,0.792105,1
C00657,48,パート,IT,2805258,7475875,5,0.412962,0
C00658,33,正社員,IT,4685778,7536165,2,0.486968,1
C00659,49,正社員,金融,2843494,13835957,3,0.561906,1
C00660,68,契約社員,医療,7042337,9940846,2,0.819461,1
C00661,49,正社員,金融,3978866,5871726,2,0.550913,0
C00662,50,正社員,医療,8421704,2051250,5,0.580984,0
C00663,30,正社員,建設,3055826,12702032,1,0.060831,0
C00664,22,正社員,金融,5215269,10143201,1,0.380091,1
C00665,32,パート,医療,7287340,10139815,2,0.091756,0
C00666,23,正社員,金融,2458459,5677048,4,0.746884,0
C00667,43,契約社員,小売,7733670,4419772,4,0.76775,0
C00668,64,自営業,建設,6065093,8426820,5,0.210172,0
C00669,43,正社員,小売,6652746,11851558,2,0.29947,0
C00670,52,正社員,建設,4817912,5870368,2,0.51737,1
C00671,63,正社員,製造業,9383471,8851523,1,0.214482,0
C00672,58,正社員,金融,7833292,14951390,3,0.144016,0
C00673,53,正社員,小売,2324553,4851718,5,0.237783,0
C00674,59,契約社員,IT,5777973,5000950,4,0.791113,0
C00675,35,正社員,医療,9081147,5067353,3,0.445605,1
C00676,42,正社員,IT,3154517,13867175,2,0.274842,0
C00677,41,正社員,IT,5596341,8873959,5,0.872804,0
C00678,60,正社員,IT,7666733,13933567,3,0.452356,0
C00679,41,正社員,建設,3096399,14320827,1,0.158077,0
C00680,67,パート,製造業,5418597,7473008,2,0.13502,0
C00681,30,正社員,製造業,5753228,2714030,1,0.038549,0
C00682,30,正社員,建設,2186692,5952040,2,0.354518,0
C00683,56,契約社員,IT,2187299,9069170,1,0.195644,0
C00684,58,契約社員,製造業,5849187,6953462,3,0.268836,0
C00685,54,契約社員,IT,2198477,2029361,3,0.623922,0
C00686,36,正社員,金融,9509041,14861409,2,0.238657,0
C00687,22,契約社員,製造業,5475904,5941596,2,0.341159,0
C00688,37,正社員,医療,7202405,10044351,5,0.918671,0
C00689,44,自営業,製造業,4270423,14307688,4,0.839527,1
C00690,41,正社員,金融,3338632,9082143,3,0.141442,0
C00691,66,契約社員,IT,5121759,11027839,2,0.35432,1
C00692,63,契約社員,IT,7253295,2466932,5,0.189688,0
C00693,59,契約社員,製造業,4276854,11057872,2,0.454177,0
C00694,23,正社員,医療,3184760,13021960,2,0.268823,0
C00695,28,契約社員,医療,1867782,13937812,5,0.091277,0
C00696,42,契約社員,製造業,5655544,3089471,3,0.755373,1
C00697,51,正社員,IT,6956966,4968896,4,0.993764,1
C00698,54,正社員,医療,5502660,2610640,3,0.172781,0
C00699,36,正社員,金融,2921484,13933056,3,0.700635,0
C00700,27,正社員,製造業,2850213,5573155,2,0.339555,0
C00701,37,自営業,製造業,4082050,8909516,2,0.488764,0
C00702,60,正社員,金融,3804871,8185252,2,0.252941,0
C00703,69,契約社員,小売,2435804,10953779,1,0.367399,1
C00704,67,契約社員,小売,9450724,13638757,5,0.681445,0
C00705,50,契約社員,製造業,3632648,6208712,2,0.21473,0
C00706,26,契約社員,金融,2880686,12271025,3,0.728634,1
C00707,68,契約社員,IT,6263173,5782248,4,0.766214,1
C00708,29,正社員,小売,8109757,4569218,4,0.677738,0
C00709,34,正社員,IT,4914581,3381317,2,0.718002,1
C00710,68,自営業,IT,6840021,6837034,3,0.635238,0
C00711,46,パート,建設,1402581,9286339,5,0.612702,0
C00712,31,正社員,小売,5559977,12143124,3,0.60363,0
C00713,46,パート,金融,1132569,13028824,4,0.657796,0
C00714,25,パート,製造業,1806391,8852202,5,0.678393,0
C00715,37,正社員,製造業,6123968,7316331,4,0.745036,0
C00716,67,契約社員,建設,2443422,4268395,1,0.049341,0
C00717,36,契約社員,医療,847539,13883217,3,0.134794,0
C00718,64,正社員,小売,2200287,7148718,1,0.27316,0
C00719,48,正社員,製造業,7841800,11940330,3,0.323336,0
C00720,53,正社員,金融,6074546,10137166,5,0.718469,0
C00721,55,自営業,IT,4127080,14109196,3,0.377102,1
C00722,48,正社員,製造業,9747141,14651934,2,0.094739,0
C00723,23,自営業,製造業,4164653,11188858,1,0.134275,1
C00724,66,契約社員,金融,8833773,10603557,5,0.966151,1
C00725,44,契約社員,金融,3777073,3784437,1,0.10221,0
C00726,53,正社員,小売,739892,2210537,1,0.093344,0
C00727,48,正社員,建設,1547395,9098387,2,0.390216,0
C00728,53,正社員,IT,3100403,11165108,1,0.0637,0
C00729,39,正社員,IT,2272445,11699848,3,0.656076,1
C00730,62,正社員,建設,1993946,5261242,3,0.859287,1
C00731,32,正社員,IT,4141796,8541661,2,0.28409,0
C00732,53,正社員,製造業,9768940,13208066,1,0.538107,1
C00733,49,契約社員,医療,2404783,3244189,1,0.190926,0
C00734,46,正社員,IT,2738297,6990569,2,0.10881,0
C00735,23,正社員,製造業,9954559,14278823,1,0.589173,0
C00736,40,自営業,建設,2412475,4594995,3,0.851278,0
C00737,24,正社員,小売,8386922,6116704,2,0.627756,0
C00738,46,パート,製造業,6398315,8083313,2,0.352539,0
C00739,55,契約社員,医療,9312947,10949154,2,0.412651,0
C00740,47,正社員,IT,5783773,5317573,2,0.099248,1
C00741,58,パート,建設,6138046,12300010,1,0.086341,0
C00742,39,自営業,小売,2645589,5065679,1,0.134024,0
C00743,36,契約社員,建設,5961796,6786861,5,0.584126,1
C00744,43,正社員,建設,6868466,9452403,1,0.152459,0
C00745,32,正社員,建設,9875094,2157112,3,0.720042,0
C00746,60,正社員,製造業,1421568,11975502,3,0.253543,0
C00747,60,自営業,医療,1989093,10694577,2,0.635237,0
C00748,41,正社員,製造業,684006,12854407,2,0.132433,0
C00749,60,正社員,IT,8009223,5573516,4,0.237154,0
C00750,23,正社員,金融,1282940,7169708,4,0.499956,0
C00751,29,正社員,IT,9197074,13681408,2,0.387705,1
C00752,35,正社員,小売,3966248,2868448,2,0.251671,1
C00753,40,正社員,製造業,3239365,8385628,2,0.951415,1
C00754,33,自営業,金融,9762656,8291675,3,0.3513,0
C00755,46,正社員,金融,7343506,7817408,3,0.498927,0
C00756,60,正社員,小売,5698847,7639159,2,0.352588,0
C00757,43,正社員,小売,8945107,11714651,2,0.177279,0
C00758,43,正社員,建設,7669898,4560726,5,0.681703,0
C00759,24,契約社員,製造業,6555933,13584938,1,0.393352,0
C00760,35,正社員,医療,3554209,13649884,3,0.484861,0
C00761,60,パート,金融,9867962,4332096,4,0.563985,0
C00762,60,パート,金融,7333721,14663928,1,0.183276,0
C00763,27,自営業,小売,9483412,5406616,1,0.152344,1
C00764,22,自営業,製造業,9678722,2672713,1,0.078892,0
C00765,61,正社員,建設,5718002,7174858,5,0.924006,0
C00766,30,契約社員,IT,3898728,12344703,1,0.102753,0
C00767,49,正社員,医療,9498202,12979775,1,0.039741,0
C00768,61,自営業,製造業,9991065,10394315,1,0.557368,1
C00769,59,正社員,医療,1658691,12545444,1,0.15001,0
C00770,48,正社員,金融,6564895,5398671,3,0.641032,0
C00771,40,正社員,小売,6223142,13426861,2,0.451495,0
C00772,59,契約社員,医療,7611619,10257030,3,0.725787,1
C00773,55,契約社員,製造業,9766540,3736571,3,0.484093,0
C00774,62,正社員,金融,2895589,3672361,4,0.136375,0
C00775,46,正社員,医療,9769510,5474945,1,0.434846,0
C00776,67,正社員,製造業,6609362,2902284,5,0.930187,0
C00777,58,自営業,製造業,1283812,5675730,3,0.828374,0
C00778,25,正社員,小売,5354559,14915358,1,0.082984,0
C00779,36,正社員,製造業,1767967,5121227,4,0.657908,0
C00780,60,契約社員,医療,9585826,10272808,5,0.635476,0
C00781,27,契約社員,医療,7750460,14707830,2,0.437819,0
C00782,56,自営業,IT,9094413,5291894,5,0.880783,0
C00783,38,契約社員,IT,6224050,11050354,3,0.5437,0
C00784,31,パート,建設,4268390,7850441,3,0.071435,0
C00785,47,正社員,小売,4569402,5709040,5,0.235581,0
C00786,66,正社員,建設,9495263,14351147,2,0.563794,1
C00787,65,パート,医療,1939884,10537246,4,0.354852,1
C00788,41,正社員,金融,8905720,7703426,2,0.560769,0
C00789,22,自営業,IT,4509103,12557222,4,0.963815,1
C00790,64,正社員,小売,6108647,13705779,3,0.203507,0
C00791,65,正社員,小売,6836376,12159270,2,0.131515,0
C00792,51,正社員,金融,1280120,13294520,2,0.155164,0
C00793,52,契約社員,IT,1912501,6186138,2,0.432311,0
C00794,47,自営業,IT,2027507,6474032,1,0.187613,0
C00795,22,正社員,小売,7897407,5024920,1,0.060399,0
C00796,29,正社員,金融,1230305,11048117,2,0.262296,0
C00797,28,正社員,金融,6303509,12441171,1,0.253556,0
C00798,65,正社員,製造業,1525934,10586481,1,0.539838,0
C00799,24,正社員,医療,7794257,9789658,4,0.487731,0
C00800,48,パート,建設,9781048,12025755,4,0.28926,0
C00801,39,正社員,医療,4433196,4359007,4,0.878486,1
C00802,22,正社員,建設,2515589,6757079,2,0.20303,0
C00803,66,正社員,小売,4726425,11191436,5,0.541316,0
C00804,22,正社員,IT,7063119,2679074,3,0.23987,0
C00805,63,正社員,小売,7409887,13841616,1,0.074408,0
C00806,59,契約社員,小売,6547019,4223510,1,0.312426,0
C00807,60,契約社員,医療,6028920,12230928,3,0.9528,0
C00808,29,自営業,IT,6495876,10015198,1,0.281605,1
C00809,64,正社員,製造業,2564780,13019078,3,0.263566,0
C00810,50,契約社員,製造業,2463688,12076303,5,0.826939,1
C00811,41,自営業,IT,9343317,8705934,1,0.316113,0
C00812,54,自営業,小売,6003793,11828633,1,0.559869,0
C00813,38,パート,製造業,8681234,6504465,5,0.193999,0
C00814,35,正社員,製造業,6442614,9587861,3,0.214019,0
C00815,35,パート,金融,4825127,13895860,1,0.125665,0
C00816,49,自営業,建設,5918851,3101855,5,0.338272,0
C00817,50,自営業,金融,7071249,6625416,5,0.39291,0
C00818,33,契約社員,IT,2268543,2224752,3,0.52177,0
C00819,33,パート,IT,4890032,8945521,3,0.51653,0
C00820,67,正社員,建設,7369076,12167843,2,0.440145,0
C00821,46,契約社員,金融,1326954,2501240,1,0.030055,0
C00822,63,契約社員,金融,1195810,9141894,3,0.286212,0
C00823,37,契約社員,建設,2020852,7397840,2,0.429065,1
C00824,35,自営業,金融,6116400,12175258,3,0.323753,0
C00825,35,正社員,金融,2765122,4861705,4,0.852962,0
C00826,47,正社員,建設,4644464,4116250,1,0.040255,0
C00827,59,正社員,IT,1771191,3230901,3,0.684127,0
C00828,46,契約社員,小売,2877722,7296501,2,0.206992,0
C00829,36,契約社員,小売,668808,8337891,5,0.315648,0
C00830,68,自営業,IT,8170196,13949201,2,0.247661,0
C00831,49,自営業,製造業,4932033,8056324,3,0.394504,1
C00832,40,契約社員,医療,2170979,4230774,3,0.423904,0
C00833,22,正社員,IT,5499125,11087207,2,0.345749,0
C00834,48,契約社員,金融,9363327,2799849,3,0.673001,0
C00835,51,自営業,小売,8335715,6488775,4,0.7103,0
C00836,66,契約社員,製造業,8903368,10495076,3,0.103655,0
C00837,33,自営業,製造業,4357042,5301476,4,0.526496,0
C00838,29,パート,金融,3925582,9728973,5,0.878304,1
C00839,69,正社員,医療,3503973,7892918,2,0.468321,0
C00840,48,契約社員,小売,3398953,14376397,3,0.216169,0
C00841,23,正社員,小売,9237061,5736843,1,0.084348,0
C00842,27,正社員,小売,1806123,13784090,4,0.388035,0
C00843,44,正社員,医療,8588758,10136325,3,0.549644,0
C00844,51,正社員,医療,9205115,11742595,2,0.201997,0
C00845,33,正社員,製造業,8518403,4194215,1,0.289562,0
C00846,39,契約社員,小売,6461553,2249044,5,0.719783,0
C00847,57,正社員,小売,8628639,11499899,2,0.160774,0
C00848,68,正社員,IT,801944,8245031,3,0.234042,0
C00849,45,正社員,医療,8264004,6015047,1,0.392779,1
C00850,41,正社員,IT,5354494,13649326,5,0.869496,1
C00851,39,自営業,医療,9605057,6244426,1,0.140201,1
C00852,28,正社員,製造業,1315090,7637464,1,0.077734,0
C00853,24,正社員,小売,9335522,11414575,5,0.977974,0
C00854,62,パート,建設,5950632,14507895,5,0.530408,0
C00855,23,自営業,小売,1486610,13686818,2,0.716777,1
C00856,61,契約社員,製造業,5335136,10482344,3,0.652662,1
C00857,33,自営業,製造業,852631,3435221,4,0.664114,0
C00858,55,正社員,小売,1287037,3422942,5,0.767991,0
C00859,67,自営業,医療,5551170,11007167,2,0.474504,0
C00860,57,正社員,小売,8250676,8620537,3,0.454853,0
C00861,57,正社員,製造業,1527906,3730363,4,0.677982,1
C00862,34,正社員,建設,2992013,11043023,4,0.970291,0
C00863,50,自営業,金融,4217605,14249937,4,0.319717,0
C00864,52,正社員,製造業,506876,2849796,3,0.270645,0
C00865,42,正社員,金融,6570869,12733443,1,0.060048,0
C00866,23,正社員,IT,5229808,6480444,5,0.962385,1
C00867,65,契約社員,医療,9641894,7171208,5,0.521525,0
C00868,31,正社員,医療,3362680,11322054,4,0.3789,0
C00869,68,正社員,製造業,5191211,5209422,1,0.373185,0
C00870,66,正社員,小売,1275341,4041927,2,0.344501,0
C00871,22,自営業,製造業,9214500,14530201,4,0.578231,0
C00872,57,正社員,金融,8421818,6528419,1,0.025101,0
C00873,52,パート,製造業,3871145,4204593,5,0.143144,0
C00874,33,正社員,建設,4874615,10968834,2,0.814993,1
C00875,61,正社員,製造業,8645654,4817291,4,0.032637,0
C00876,27,正社員,医療,3306384,12082032,5,0.864484,0
C00877,33,正社員,IT,2740349,2916193,2,0.109539,0
C00878,67,正社員,IT,2798705,8740653,2,0.128078,0
C00879,57,正社員,医療,7221058,7238423,3,0.741414,0
C00880,27,自営業,医療,2505133,14439148,3,0.286033,0
C00881,28,正社員,製造業,1341814,8776693,2,0.343739,0
C00882,34,正社員,製造業,2071792,14029302,3,0.263294,1
C00883,25,正社員,医療,9867479,5230840,5,0.537243,1
C00884,30,正社員,医療,8792072,8154682,3,0.201851,0
C00885,49,正社員,金融,9562396,12579682,1,0.17952,0
C00886,22,正社員,製造業,3134383,4083567,2,0.377764,0
C00887,35,正社員,製造業,4701030,14060575,2,0.113913,0
C00888,37,正社員,IT,5162316,12048111,1,0.080295,0
C00889,68,パート,建設,5477385,10799443,1,0.074147,0
C00890,68,契約社員,製造業,754676,5160814,3,0.6598,0
C00891,62,パート,小売,6178861,12634443,2,0.643107,0
C00892,38,正社員,建設,868417,12956677,5,0.827842,0
C00893,47,自営業,製造業,3112857,5803986,2,0.513255,0
C00894,46,正社員,医療,3277388,9632877,1,0.077521,0
C00895,63,正社員,医療,6907479,2788329,4,0.276465,0
C00896,57,自営業,IT,9016701,7123209,5,0.679407,1
C00897,65,正社員,製造業,7136339,3958691,2,0.094703,0
C00898,48,正社員,IT,4636814,9232984,2,0.145324,0
C00899,66,自営業,IT,5488227,9134844,1,0.113642,0
C00900,57,契約社員,IT,5367830,8926514,3,0.703455,1
C00901,57,正社員,医療,1903536,10803004,3,0.150881,0
C00902,53,正社員,製造業,9594477,14021527,2,0.317338,0
C00903,38,正社員,IT,9232267,4557534,1,0.151481,1
C00904,51,パート,建設,2780427,4786719,3,0.548005,0
C00905,39,正社員,製造業,1592928,4800437,5,0.881289,0
C00906,53,正社員,製造業,2067892,14066060,3,0.837109,1
C00907,34,正社員,IT,6477136,3204573,3,0.297252,0
C00908,60,パート,医療,779630,2407433,1,0.341468,1
C00909,49,自営業,医療,1479341,4085782,2,0.030777,0
C00910,56,正社員,医療,6658959,11999643,2,0.620154,0
C00911,32,パート,医療,1887956,9535136,4,0.903133,0
C00912,60,正社員,製造業,1153587,13955686,5,0.448686,0
C00913,60,自営業,金融,695114,4655779,5,0.203632,1
C00914,28,正社員,小売,7204950,7122678,5,0.656207,0
C00915,38,正社員,製造業,3951959,9220064,5,0.449207,0
C00916,54,正社員,医療,3202426,2949873,5,0.963948,1
C00917,63,パート,小売,6576035,13940957,1,0.308842,1
C00918,57,パート,医療,2119972,12460678,1,0.367954,0
C00919,44,契約社員,IT,5454670,3868902,2,0.814011,1
C00920,36,正社員,建設,5096519,12957243,3,0.398294,0
C00921,65,正社員,製造業,6908122,7834288,1,0.668728,1
C00922,63,正社員,製造業,6427209,6371346,4,0.930946,1
C00923,65,正社員,小売,6912679,14299973,3,0.632562,1
C00924,36,正社員,製造業,2524751,8741713,3,0.721373,0
C00925,42,契約社員,IT,1831650,4953500,1,0.108537,0
C00926,33,契約社員,建設,5571356,12523098,2,0.25159,0
C00927,67,パート,金融,1044705,11304561,1,0.089087,0
C00928,63,正社員,金融,4815683,4496558,5,0.380841,0
C00929,30,正社員,IT,6440902,10805784,3,0.18111,0
C00930,33,正社員,建設,8299477,10176685,4,0.562657,0
C00931,48,正社員,医療,6705631,5579612,2,0.255881,1
C00932,41,契約社員,建設,9949337,7598199,2,0.226596,0
C00933,44,自営業,金融,5788686,12910905,2,0.330012,0
C00934,39,正社員,金融,4738759,4267404,4,0.678829,0
C00935,54,正社員,製造業,2834743,11390335,4,0.685193,0
C00936,65,自営業,製造業,6894681,12808723,2,0.569915,0
C00937,66,正社員,IT,8202270,14177739,5,0.465557,0
C00938,43,正社員,金融,3549251,6220851,1,0.174825,0
C00939,61,契約社員,医療,1219017,5465913,5,0.817887,1
C00940,55,契約社員,医療,599567,14147540,1,0.284911,1
C00941,31,正社員,製造業,6506962,8016023,2,0.671126,1
C00942,60,自営業,IT,6798827,9396140,4,0.287625,0
C00943,38,パート,製造業,1643909,8669267,1,0.196095,0
C00944,52,正社員,製造業,714730,8688630,2,0.57829,0
C00945,56,正社員,金融,6717253,10119119,2,0.163746,0
C00946,67,契約社員,医療,4278647,7502977,2,0.441381,1
C00947,67,契約社員,IT,4468395,7096650,4,0.926389,1
C00948,60,正社員,建設,2993501,7208721,5,0.32107,0
C00949,46,正社員,金融,7321979,10532021,5,0.80514,0
C00950,41,契約社員,小売,7574124,12633562,2,0.481739,0
C00951,43,正社員,医療,995825,9216689,3,0.466076,0
C00952,67,正社員,建設,1346690,10807511,2,0.14418,1
C00953,31,正社員,建設,5773288,7369669,2,0.307466,0
C00954,47,正社員,金融,6229803,12057972,1,0.415082,0
C00955,54,パート,製造業,1876340,7119209,5,0.454202,0
C00956,23,契約社員,医療,2001996,7474094,5,0.771443,0
C00957,52,正社員,医療,6982626,2718282,4,0.134442,0
C00958,34,パート,医療,4819743,5398684,3,0.460983,1
C00959,35,正社員,金融,1639578,11599653,3,0.944193,1
C00960,51,正社員,IT,6290514,3129247,3,0.376745,0
C00961,22,正社員,IT,1199041,4911685,3,0.091997,0
C00962,29,契約社員,金融,2690933,12096528,2,0.051696,0
C00963,43,契約社員,金融,7274667,13351026,1,0.033498,0
C00964,50,自営業,IT,2612654,7398594,1,0.38782,0
C00965,27,正社員,医療,1103553,7289674,5,0.368397,0
C00966,39,正社員,小売,9619926,8619907,3,0.671479,0
C00967,36,正社員,IT,2633042,12011898,5,0.576287,0
C00968,47,パート,小売,5391316,8101462,1,0.447224,1
C00969,36,正社員,建設,8334985,4254616,3,0.628151,1
C00970,22,契約社員,小売,9904179,7604792,2,0.488627,0
C00971,47,契約社員,医療,8192039,5310406,2,0.182081,0
C00972,62,正社員,医療,3726683,10890695,1,0.114983,0
C00973,50,正社員,金融,8614195,3855127,1,0.151154,0
C00974,39,正社員,金融,620995,9913544,5,0.985124,0
C00975,45,契約社員,IT,3597949,3688200,2,0.43369,0
C00976,28,パート,建設,2394458,14636700,3,0.699207,1
C00977,33,正社員,医療,5516456,10320706,3,0.217004,0
C00978,43,パート,小売,8970232,3805750,2,0.159043,0
C00979,50,正社員,IT,7846800,14465684,3,0.211544,1
C00980,45,正社員,小売,9983925,9455751,1,0.314243,0
C00981,68,パート,建設,1801362,9886251,5,0.986064,0
C00982,52,自営業,製造業,7645861,2822122,4,0.969771,0
C00983,23,正社員,小売,7381714,4440797,4,0.155821,0
C00984,47,契約社員,小売,4836476,12502940,3,0.592076,1
C00985,49,自営業,小売,1426120,8078834,1,0.301908,0
C00986,24,自営業,小売,1492680,10012047,5,0.197889,0
C00987,40,契約社員,医療,9175881,14832982,2,0.104531,0
C00988,63,正社員,製造業,3304632,7568925,1,0.173519,0
C00989,39,正社員,小売,6554447,6951688,2,0.392429,0
C00990,43,契約社員,建設,9482775,12429064,4,0.593203,0
C00991,32,正社員,建設,5186400,2858272,3,0.425721,0
C00992,25,正社員,金融,2494297,7915034,4,0.189291,0
C00993,37,正社員,医療,5104928,13112332,4,0.427809,0
C00994,59,正社員,IT,2680038,4961219,2,0.184875,0
C00995,69,正社員,金融,2222939,5952075,5,0.30157,0
C00996,53,正社員,建設,8204395,8142510,2,0.684064,1
C00997,61,正社員,金融,3786215,2965831,3,0.242016,0
C00998,53,正社員,金融,7005650,2920813,1,0.228962,0
C00999,53,自営業,小売,7407675,5268715,5,0.962234,1
C01000,42,契約社員,小売,5719515,13672195,2,0.90141,1
C01001,24,正社員,医療,5638964,4883705,1,0.423108,0
C01002,41,正社員,小売,2215039,11502459,3,0.310709,0
C01003,63,正社員,IT,5528409,7538934,1,0.123562,0
C01004,47,契約社員,製造業,7639520,11884105,1,0.168696,0
C01005,58,契約社員,医療,2354836,6292539,3,0.071334,0
C01006,24,契約社員,金融,2704218,13368413,2,0.675957,0
C01007,31,契約社員,IT,7058442,6820920,5,0.65637,0
C01008,36,正社員,IT,9827094,12290444,2,0.267746,0
C01009,39,正社員,製造業,4224322,12808366,4,0.773691,0
C01010,69,正社員,IT,8369081,7614084,3,0.432079,0
C01011,44,正社員,建設,2236156,10670103,3,0.895322,1
C01012,53,正社員,小売,5912323,3542273,3,0.138939,1
C01013,52,契約社員,小売,9465956,8453562,3,0.643714,0
C01014,42,正社員,製造業,4694790,6853742,5,0.127651,0
C01015,68,契約社員,建設,5314588,14407313,2,0.346341,0
C01016,32,正社員,医療,1973351,14143102,1,0.070353,0
C01017,23,正社員,医療,5516348,12183562,3,0.441293,1
C01018,57,契約社員,金融,6063585,14338177,4,0.583021,0
C01019,53,正社員,小売,9823034,14686911,1,0.231003,0
C01020,34,正社員,IT,2409115,11982322,2,0.294392,0
C01021,63,正社員,医療,3980858,9719672,5,0.516277,0
C01022,29,契約社員,医療,6648905,4657597,4,0.799437,0
C01023,34,正社員,IT,9458697,12600187,5,0.687264,0
C01024,29,パート,金融,2759824,4527848,3,0.666331,1
C01025,30,パート,IT,7101791,4407627,3,0.04999,0
C01026,57,自営業,小売,8853753,13437030,2,0.365624,0
C01027,55,正社員,IT,6514409,3487652,5,0.211318,1
C01028,52,契約社員,建設,4554673,3844907,2,0.347076,0
C01029,63,正社員,医療,2726974,8642776,4,0.508297,0
C01030,25,自営業,医療,3236465,9593787,2,0.6747,1
C01031,51,正社員,IT,991678,2592531,3,0.600966,0
C01032,27,正社員,製造業,1944228,6917272,4,0.493353,0
C01033,67,正社員,建設,4658946,4928239,3,0.130935,0
C01034,52,自営業,製造業,1834735,5926143,5,0.550605,0
C01035,58,自営業,金融,596624,4351230,2,0.119668,0
C01036,49,正社員,医療,7080507,10805967,3,0.252358,0
C01037,40,正社員,金融,1174523,8148875,2,0.080902,0
C01038,54,自営業,製造業,1840583,14474398,2,0.334884,0
C01039,62,自営業,医療,6155604,2107995,2,0.026115,0
C01040,30,自営業,建設,9257329,12109239,1,0.274655,0
C01041,63,正社員,IT,7382483,13826489,1,0.345968,0
C01042,56,契約社員,小売,808965,8320114,3,0.806002,0
C01043,26,自営業,小売,2095509,11091622,3,0.077952,0
C01044,66,正社員,小売,7533447,7729250,3,0.246243,0
C01045,30,正社員,医療,7458754,9735475,1,0.219746,0
C01046,50,正社員,建設,4214748,13799635,2,0.111508,0
C01047,28,正社員,IT,9522396,8892924,1,0.094871,0
C01048,31,自営業,医療,8940474,9515392,4,0.101838,0
C01049,52,正社員,医療,7560173,14827081,5,0.980881,0
C01050,54,正社員,製造業,7608143,8456307,2,0.404642,0
C01051,54,正社員,IT,7954795,4251406,3,0.565646,0
C01052,38,自営業,小売,1910105,10876866,1,0.583225,1
C01053,61,自営業,医療,7156770,11007453,2,0.146819,0
C01054,24,正社員,建設,9429089,5082999,1,0.209945,1
C01055,63,契約社員,小売,2635005,11473395,2,0.189272,0
C01056,36,正社員,IT,639152,2828561,3,0.076263,0
C01057,51,自営業,製造業,3928454,6160040,5,0.722828,0
C01058,65,契約社員,医療,3061343,13116449,2,0.414842,1
C01059,34,正社員,小売,9518037,10027602,3,0.452119,1
C01060,41,パート,金融,4735909,9894402,4,0.280484,0
C01061,61,正社員,医療,6781501,10072384,5,0.801139,0
C01062,63,契約社員,製造業,9828451,4143402,3,0.631596,0
C01063,33,正社員,IT,7995735,14497175,2,0.128505,0
C01064,46,契約社員,医療,7616211,5874623,3,0.323448,0
C01065,37,正社員,IT,9702599,12223711,2,0.882914,0
C01066,46,正社員,医療,7044086,14869136,5,0.925227,1
C01067,40,正社員,医療,2698650,5132009,2,0.114367,0
C01068,22,パート,製造業,7404405,10247507,3,0.333235,0
C01069,66,正社員,金融,3556023,2550326,1,0.302618,0
C01070,52,契約社員,建設,3643760,10269458,2,0.366152,0
C01071,44,正社員,金融,6625616,7733257,5,0.577815,0
C01072,27,自営業,IT,3497147,2938127,3,0.26026,0
C01073,25,正社員,製造業,731396,10736137,2,0.709971,1
C01074,44,契約社員,製造業,9995831,14596893,5,0.892163,1
C01075,53,パート,IT,5926581,3080110,5,0.505832,0
C01076,34,正社員,IT,6865085,13606178,2,0.379696,0
C01077,57,正社員,IT,8182540,12966025,3,0.315859,0
C01078,40,自営業,医療,6527944,9121172,3,0.84255,0
C01079,22,正社員,小売,6299212,13717918,3,0.351816,1
C01080,47,正社員,製造業,8022477,6022056,2,0.154786,0
C01081,30,正社員,製造業,3306236,11360975,2,0.19722,0
C01082,22,自営業,製造業,8370216,11074718,5,0.602447,0
C01083,28,パート,IT,7378989,9546256,5,0.651047,0
C01084,35,契約社員,建設,2230071,12833867,4,0.776746,1
C01085,46,契約社員,製造業,1887300,13391735,5,0.636117,0
C01086,69,正社員,金融,8857059,12219579,4,0.217835,0
C01087,32,正社員,金融,9000348,9648996,4,0.575658,0
C01088,24,正社員,製造業,9939019,14701616,4,0.831218,0
C01089,31,正社員,製造業,1458692,9222285,3,0.570679,0
C01090,37,正社員,IT,9008381,10279120,3,0.352723,0
C01091,31,契約社員,製造業,8703166,4454566,2,0.457136,0
C01092,37,正社員,建設,7792144,6175930,3,0.338356,0
C01093,68,正社員,医療,5229190,13761029,2,0.199016,0
C01094,40,正社員,小売,5330815,8473059,2,0.160915,0
C01095,52,正社員,建設,4572146,8646084,3,0.165723,0
C01096,54,正社員,建設,777967,12612123,2,0.154883,0
C01097,28,正社員,医療,5256287,6238960,2,0.596195,1
C01098,33,正社員,製造業,2753023,5449453,4,0.84899,0
C01099,41,正社員,医療,2401960,2115357,5,0.645231,1
C01100,44,自営業,金融,1031151,5008307,1,0.260074,0
C01101,22,自営業,小売,4848013,8657003,1,0.410198,1
C01102,52,自営業,建設,954855,11422850,2,0.443436,0
C01103,36,契約社員,金融,8572339,6278725,4,0.698705,0
C01104,37,パート,IT,8950256,7777556,4,0.766847,0
C01105,50,正社員,製造業,8109075,4881509,1,0.234984,1
C01106,67,契約社員,IT,3359381,12615415,4,0.21233,0
C01107,63,正社員,製造業,2048961,8823128,1,0.170601,0
C01108,69,正社員,金融,5294190,3867886,2,0.017112,0
C01109,41,正社員,建設,6897499,9924426,5,0.573316,0
C01110,27,正社員,金融,695593,6364054,1,0.223807,0
C01111,32,自営業,小売,8639954,13246816,1,0.188972,0
C01112,38,正社員,IT,4666395,5485299,2,0.230402,0
C01113,36,契約社員,小売,8287792,13241499,3,0.35058,0
C01114,31,自営業,医療,1240705,11072286,5,0.11529,0
C01115,29,正社員,IT,4543508,3759775,5,0.900992,0
C01116,30,正社員,金融,4854011,11871280,1,0.076786,0
C01117,53,正社員,医療,956882,11367709,1,0.152479,0
C01118,45,正社員,小売,7220716,7928035,4,0.984197,0
C01119,23,パート,金融,9346110,4089138,2,0.172854,0
C01120,49,契約社員,製造業,5635678,8214382,5,0.287349,0
C01121,62,契約社員,医療,4260908,9912019,3,0.719265,0
C01122,42,正社員,小売,6542492,3716414,1,0.19207,0
C01123,37,契約社員,製造業,3929278,6434044,4,0.962572,1
C01124,35,契約社員,小売,3917699,11123765,1,0.456949,0
C01125,40,正社員,医療,7715392,9187423,2,0.126143,0
C01126,35,正社員,医療,6113567,14900130,3,0.579009,0
C01127,66,正社員,IT,3007736,4817607,3,0.774911,0
C01128,69,正社員,金融,4370682,12112984,3,0.389291,0
C01129,38,自営業,医療,8430106,7530791,3,0.611931,0
C01130,66,契約社員,建設,5522800,4900460,5,0.797125,0
C01131,62,正社員,小売,1222489,14365162,5,0.42328,1
C01132,25,パート,IT,8641669,10100596,3,0.781542,0
C01133,45,正社員,建設,7536757,8960596,1,0.340893,0
C01134,53,正社員,小売,3035388,5834438,4,0.474726,0
C01135,42,パート,小売,9675001,13458836,5,0.374442,0
C01136,43,パート,医療,9542504,2392295,2,0.123919,0
C01137,45,契約社員,金融,9959804,3496745,3,0.670407,1
C01138,55,正社員,小売,4089130,4337697,2,0.12747,0
C01139,36,パート,製造業,9276142,10489152,1,0.328282,0
C01140,50,自営業,建設,8160734,3333716,3,0.110667,0
C01141,33,契約社員,小売,8772243,12363111,2,0.646199,1
C01142,64,正社員,医療,5697361,4547123,4,0.226733,0
C01143,26,正社員,IT,3149362,10794125,4,0.807226,0
C01144,25,自営業,医療,2654462,12342858,4,0.091881,0
C01145,23,自営業,小売,9683160,13421712,2,0.187357,0
C01146,38,契約社員,IT,5273197,5806818,2,0.59967,0
C01147,51,正社員,製造業,9315018,2971103,4,0.753297,1
C01148,69,契約社員,IT,5769716,11841520,4,0.343181,0
C01149,43,正社員,IT,5576539,7833194,3,0.198754,0
C01150,30,正社員,小売,1195827,14335214,5,0.658908,0
C01151,39,正社員,医療,4319738,4445785,1,0.159528,0
C01152,28,正社員,医療,5783506,9465551,5,0.409487,0
C01153,44,自営業,建設,1538039,3548885,1,0.155986,0
C01154,56,正社員,金融,2039284,8310316,1,0.443357,1
C01155,23,正社員,小売,6111024,2013425,3,0.717691,0
C01156,59,パート,IT,2857315,11751654,1,0.146174,0
C01157,32,契約社員,IT,7155187,9863525,1,0.057367,0
C01158,54,正社員,小売,4873903,3262171,1,0.042664,0
C01159,61,正社員,建設,4337967,8493150,2,0.192954,1
C01160,59,自営業,製造業,1615145,7566757,4,0.494534,0
C01161,54,正社員,製造業,4357281,10757425,1,0.107162,0
C01162,55,正社員,IT,5651024,8484720,3,0.677397,1
C01163,31,正社員,IT,5946458,7966700,4,0.599352,1
C01164,28,正社員,製造業,3066784,12803667,1,0.323028,0
C01165,40,契約社員,製造業,763948,8747924,1,0.450594,0
C01166,51,正社員,製造業,9380714,12584830,5,0.526994,0
C01167,51,正社員,金融,9599726,13509432,4,0.465006,0
C01168,59,正社員,建設,9089158,13027450,3,0.266538,0
C01169,36,正社員,製造業,3254104,14422106,4,0.383363,0
C01170,63,正社員,IT,6224670,11072348,1,0.138768,1
C01171,43,自営業,医療,1838463,9302875,2,0.243549,0
C01172,33,正社員,IT,9102809,8897226,4,0.57674,1
C01173,57,正社員,医療,552139,4658515,2,0.268224,1
C01174,28,正社員,小売,4971360,12762432,4,0.785925,0
C01175,41,契約社員,建設,8640470,11012569,3,0.351211,0
C01176,59,正社員,IT,7392831,13352672,4,0.332782,0
C01177,59,パート,IT,8700470,11119332,3,0.662471,1
C01178,34,契約社員,金融,5215524,8246300,2,0.319342,0
C01179,29,正社員,製造業,1405412,5838106,2,0.474116,0
C01180,23,契約社員,IT,574391,14813605,2,0.462402,0
C01181,26,正社員,医療,1946292,11536973,4,0.870141,1
C01182,61,パート,製造業,1046654,13372636,1,0.067471,0
C01183,59,パート,小売,4755071,9605121,1,0.080607,0
C01184,46,正社員,建設,980224,8636106,1,0.103702,0
C01185,49,契約社員,製造業,2264189,2445953,1,0.039491,0
C01186,37,正社員,製造業,4484415,2900738,4,0.611492,1
C01187,31,正社員,小売,7490301,11187921,2,0.0001,0
C01188,22,自営業,IT,6905224,4918396,5,0.699425,1
C01189,54,パート,医療,1051377,3066052,1,0.168973,0
C01190,23,正社員,IT,9081243,12093182,3,0.543347,0
C01191,27,契約社員,製造業,5722239,10066893,2,0.251038,0
C01192,60,契約社員,IT,3814292,3445005,2,0.200355,0
C01193,49,正社員,IT,4136520,8498264,5,0.657177,0
C01194,45,契約社員,製造業,8559970,8107401,5,0.169174,0
C01195,32,契約社員,小売,4916992,2048284,5,0.528701,0
C01196,29,自営業,金融,2835412,9863079,1,0.178027,0
C01197,44,パート,小売,4535193,7156948,2,0.584119,1
C01198,39,正社員,IT,1150105,13418509,3,0.337944,0
C01199,47,正社員,製造業,1955012,3504418,2,0.392309,0
C01200,29,正社員,製造業,3488509,13012481,4,0.76018,1
C01201,33,正社員,製造業,2592674,2083490,3,0.677146,0
C01202,27,正社員,医療,3818322,11935613,3,0.031938,0
C01203,42,自営業,IT,1115673,12173665,4,0.649226,0
C01204,35,正社員,IT,6295536,7300025,4,0.919466,1
C01205,32,契約社員,小売,1595213,5647179,1,0.2673,0
C01206,48,正社員,製造業,2561190,3849240,1,0.189178,0
C01207,45,正社員,小売,9790001,6419180,3,0.275806,0
C01208,32,自営業,小売,556126,10705441,3,0.335803,0
C01209,55,契約社員,建設,3157974,11423448,2,0.196899,0
C01210,38,正社員,製造業,5251807,4356752,2,0.489592,0
C01211,38,パート,製造業,3416742,2144813,4,0.431344,0
C01212,44,正社員,建設,3545033,9297088,4,0.782479,0
C01213,28,正社員,金融,1707510,9550207,3,0.624773,0
C01214,42,正社員,製造業,4522339,14748817,2,0.608683,0
C01215,49,契約社員,小売,7674060,11897373,2,0.711385,1
C01216,28,正社員,金融,6085162,9154027,3,0.213999,0
C01217,49,自営業,医療,9279357,9693861,2,0.189559,0
C01218,23,正社員,医療,7147169,10392239,3,0.206334,0
C01219,50,正社員,小売,8002630,7872533,3,0.422687,1
C01220,23,自営業,製造業,4600983,10808481,1,0.134257,0
C01221,30,正社員,建設,6319850,4540774,1,0.561178,1
C01222,38,正社員,IT,5992455,12795049,2,0.206973,0
C01223,51,正社員,医療,8225713,13201813,5,0.603341,0
C01224,56,正社員,小売,5260348,7654749,3,0.251841,0
C01225,44,正社員,金融,4340187,7936759,1,0.119067,1
C01226,28,正社員,医療,1165498,8467629,5,0.890872,1
C01227,40,契約社員,小売,8665225,12625817,3,0.873035,0
C01228,59,正社員,金融,4637565,4287636,3,0.673998,1
C01229,26,正社員,IT,8085929,6439795,5,0.509484,0
C01230,56,契約社員,小売,6942184,9990839,1,0.079099,0
C01231,40,正社員,IT,516384,11014370,2,0.720526,0
C01232,22,契約社員,製造業,6687801,5844854,3,0.765967,0
C01233,55,契約社員,製造業,5134044,3523307,1,0.314986,1
C01234,23,正社員,小売,2777839,8599122,3,0.566384,0
C01235,39,正社員,医療,3013857,10301211,2,0.693486,1
C01236,31,正社員,IT,6560575,11965244,1,0.482653,0
C01237,50,正社員,IT,1319212,2038607,2,0.570223,1
C01238,24,正社員,小売,6259953,2228408,2,0.317505,0
C01239,26,契約社員,製造業,8538863,7024519,1,0.432225,0
C01240,47,契約社員,製造業,1325029,9330902,1,0.228588,0
C01241,69,正社員,小売,575522,2046362,5,0.329958,0
C01242,23,パート,小売,1075715,4254785,2,0.699593,0
C01243,44,正社員,製造業,7436553,7445798,2,0.360735,0
C01244,60,自営業,IT,8553999,5631983,1,0.062141,0
C01245,35,自営業,IT,9887826,11237076,2,0.437865,0
C01246,45,正社員,建設,773907,2451272,2,0.491918,0
C01247,62,正社員,小売,5079188,13548437,3,0.173458,0
C01248,56,正社員,建設,957621,4203016,2,0.392352,0
C01249,36,パート,製造業,4026785,7728313,5,0.276235,0
C01250,58,正社員,医療,3425538,14826183,5,0.459511,0
C01251,54,自営業,IT,6255413,10614616,1,0.234486,0
C01252,46,正社員,医療,9135470,14980796,1,0.091959,0
C01253,43,正社員,医療,8144630,2255635,1,0.119369,0
C01254,66,契約社員,金融,1104373,11358023,3,0.199146,1
C01255,63,正社員,建設,2782394,2984077,1,0.251834,0
C01256,69,正社員,建設,3111542,9954139,5,0.628553,0
C01257,54,パート,建設,2881663,6237343,4,0.588109,0
C01258,39,正社員,製造業,3855727,12101091,4,0.331098,0
C01259,27,パート,製造業,6268191,3616580,3,0.756917,0
C01260,28,パート,医療,7526012,13655206,5,0.332377,0
C01261,67,正社員,建設,9428859,8249884,1,0.108504,0
C01262,39,正社員,小売,7177761,8750966,2,0.686621,0
C01263,27,正社員,IT,3335180,9424432,2,0.145,0
C01264,32,契約社員,金融,2249000,2458692,5,0.129049,0
C01265,23,パート,金融,4079169,6035333,3,0.222449,0
C01266,47,自営業,金融,8096703,11222146,4,0.206869,0
C01267,50,パート,小売,9936667,14490755,1,0.130491,0
C01268,40,正社員,建設,4226799,14799833,5,0.9999,1
C01269,57,正社員,金融,2174110,8964126,3,0.936467,0
C01270,45,正社員,医療,547052,5354688,3,0.400454,1
C01271,68,自営業,製造業,1231197,8208434,5,0.823999,1
C01272,58,正社員,建設,6550274,8025052,2,0.588411,0
C01273,25,正社員,建設,6102675,7164130,2,0.341583,1
C01274,35,正社員,小売,6611583,6696567,3,0.296634,0
C01275,58,正社員,金融,730536,13288317,1,0.481957,1
C01276,47,正社員,金融,4651199,7076077,2,0.468291,0
C01277,58,正社員,金融,2214115,2380361,1,0.015253,0
C01278,38,自営業,医療,3696894,11378200,1,0.384558,0
C01279,23,自営業,製造業,6410987,10645947,5,0.401309,1
C01280,59,正社員,小売,3119369,6919257,3,0.591951,0
C01281,59,自営業,医療,6765368,10189902,2,0.211077,0
C01282,52,正社員,小売,3247040,14234094,2,0.116166,0
C01283,41,自営業,小売,5349040,14017460,2,0.189689,0
C01284,22,正社員,小売,4861428,12265560,3,0.212859,1
C01285,56,契約社員,小売,4145606,9583452,5,0.92705,0
C01286,53,正社員,小売,1697357,2359411,5,0.314773,0
C01287,54,正社員,医療,5973877,8658734,2,0.555159,1
C01288,30,契約社員,建設,9905888,12641136,2,0.287903,0
C01289,57,自営業,医療,6612165,12983643,3,0.395816,0
C01290,56,自営業,小売,7585082,12047147,3,0.341423,0
C01291,63,正社員,建設,8133080,14824572,3,0.360994,0
C01292,49,正社員,医療,862988,8714418,3,0.77941,0
C01293,57,自営業,IT,8031133,3426143,3,0.865836,0
C01294,41,正社員,医療,2803425,8458626,2,0.169832,0
C01295,55,正社員,建設,6815607,6143282,2,0.270693,0
C01296,55,正社員,金融,9846654,12861850,2,0.125754,0
C01297,59,正社員,建設,8995210,12102801,1,0.217719,1
C01298,63,正社員,IT,4437090,7522209,1,0.5105,0
C01299,22,正社員,建設,8461240,7047145,4,0.30776,0
C01300,59,契約社員,小売,6376707,4073010,2,0.444515,1
C01301,60,契約社員,医療,1765837,2561158,2,0.229798,0
C01302,48,自営業,小売,2779166,6067685,3,0.665124,0
C01303,46,契約社員,小売,9588455,5133227,4,0.130474,0
C01304,56,正社員,小売,9194527,5447631,2,0.54645,0
C01305,43,パート,小売,8971552,14980154,4,0.667991,0
C01306,41,契約社員,医療,4149986,10853768,5,0.609253,0
C01307,60,正社員,建設,3548808,9168079,3,0.801457,0
C01308,59,正社員,製造業,8157081,4325353,3,0.369832,1
C01309,31,契約社員,小売,691751,12934891,1,0.05325,0
C01310,61,契約社員,IT,9026080,10382042,5,0.768806,0
C01311,37,契約社員,製造業,6237772,8692584,2,0.242147,0
C01312,28,自営業,医療,6510681,8057570,5,0.969309,1
C01313,64,パート,医療,4664967,9183379,3,0.425146,0
C01314,33,パート,医療,9803386,12915592,1,0.248616,0
C01315,31,契約社員,金融,7620884,11361648,1,0.320864,0
C01316,34,パート,金融,1011439,8304984,3,0.21398,0
C01317,45,パート,建設,5483698,10679107,3,0.576533,1
C01318,29,正社員,IT,8666411,14087452,1,0.198013,0
C01319,29,契約社員,製造業,1226659,6241138,4,0.687722,1
C01320,40,正社員,金融,7500272,13706099,5,0.97688,1
C01321,32,正社員,小売,2824530,9888288,3,0.756679,0
C01322,31,正社員,金融,5311980,4408738,3,0.220297,0
C01323,65,正社員,IT,8883976,14570390,1,0.638512,1
C01324,50,正社員,小売,5177151,10920163,4,0.782849,0
C01325,22,正社員,医療,858052,7017153,2,0.476538,0
C01326,26,正社員,IT,697361,4790121,5,0.143681,0
C01327,61,契約社員,金融,7498362,13905208,2,0.186381,0
C01328,34,自営業,IT,9343723,12702956,3,0.607368,1
C01329,29,パート,IT,3273463,2578741,2,0.129069,0
C01330,53,正社員,小売,9386362,10264401,1,0.324727,0
C01331,62,正社員,金融,4800078,3490036,4,0.276198,1
C01332,41,自営業,小売,1057781,5823530,3,0.827781,1
C01333,57,正社員,製造業,5544552,9384233,3,0.182611,0
C01334,42,パート,小売,9750333,5238607,5,0.782646,0
C01335,27,契約社員,製造業,2875773,8662387,5,0.946909,0
C01336,60,正社員,金融,9626023,7584509,5,0.715415,0
C01337,66,正社員,医療,6693624,9559493,1,0.126683,0
C01338,69,正社員,金融,4262738,12409399,3,0.614411,0
C01339,26,正社員,建設,7087701,4017377,5,0.501511,0
C01340,49,正社員,金融,4307182,12350101,2,0.491636,0
C01341,51,自営業,医療,1308065,4890776,1,0.136369,1
C01342,25,契約社員,医療,8772250,2433890,4,0.400093,1
C01343,67,正社員,医療,4052307,7803476,3,0.471033,1
C01344,26,正社員,金融,5874755,5929734,3,0.603168,0
C01345,34,正社員,IT,7571585,4398865,5,0.591972,0
C01346,68,正社員,小売,1287591,7497062,3,0.289229,0
C01347,48,契約社員,建設,7355557,13295142,2,0.038256,0
C01348,54,契約社員,小売,3969811,9612566,2,0.173762,0
C01349,45,自営業,建設,5673732,11461876,2,0.172933,0
C01350,58,正社員,医療,4842641,3943851,1,0.040308,0
C01351,25,正社員,建設,7887911,2985774,4,0.429643,0
C01352,54,自営業,金融,2281679,6358679,4,0.405242,0
C01353,25,契約社員,IT,1522626,12067490,2,0.182679,0
C01354,30,契約社員,金融,4404054,13512762,2,0.642186,0
C01355,46,正社員,小売,1623007,3322704,5,0.78943,0
C01356,43,自営業,医療,2805879,8195118,1,0.250507,1
C01357,29,正社員,IT,6746149,7154601,3,0.261339,0
C01358,60,正社員,製造業,8278248,11673862,3,0.51652,0
C01359,36,自営業,IT,7086672,4671550,3,0.409462,0
C01360,63,正社員,小売,3518344,8302121,1,0.069422,0
C01361,22,自営業,IT,8238005,13047565,3,0.257964,0
C01362,33,正社員,金融,4357840,8044773,2,0.387589,0
C01363,36,正社員,IT,2219850,12156616,3,0.688926,0
C01364,50,正社員,医療,7684343,10085032,1,0.028272,0
C01365,41,自営業,小売,5409331,9766214,3,0.259686,0
C01366,29,自営業,建設,4020559,5371738,3,0.90776,0
C01367,49,正社員,小売,6777897,14902344,2,0.382442,0
C01368,67,正社員,製造業,7385195,5247427,1,0.145925,0
C01369,28,正社員,IT,2625146,14102877,1,0.076082,0
C01370,34,正社員,医療,1614104,14861601,2,0.158455,0
C01371,44,契約社員,小売,5410815,8648031,1,0.176379,0
C01372,56,正社員,建設,989559,13296896,5,0.483735,0
C01373,28,正社員,建設,6565228,11296172,2,0.299874,0
C01374,33,正社員,小売,4678231,11590814,4,0.776492,0
C01375,33,契約社員,小売,2537270,2890631,5,0.730974,0
C01376,51,契約社員,IT,6186591,3782879,1,0.187363,0
C01377,25,契約社員,IT,4067852,2905041,3,0.471909,0
C01378,53,契約社員,製造業,4189983,2392921,5,0.995208,1
C01379,42,パート,IT,2555218,12867704,3,0.610641,0
C01380,37,正社員,小売,6922812,4280362,2,0.34009,0
C01381,63,自営業,医療,9077958,2082358,2,0.383087,1
C01382,61,契約社員,金融,6377461,14190503,1,0.238065,0
C01383,60,正社員,小売,2749589,5623839,3,0.337466,1
C01384,64,自営業,医療,8417205,12611767,5,0.92609,0
C01385,33,契約社員,建設,1647929,14486802,5,0.9999,0
C01386,63,契約社員,IT,3252856,8799988,1,0.243916,0
C01387,30,正社員,IT,833975,14047364,4,0.330651,0
C01388,37,正社員,小売,8559681,14594148,2,0.080127,0
C01389,48,自営業,IT,927058,3875767,5,0.344514,0
C01390,57,正社員,IT,5689379,3905567,1,0.490459,0
C01391,49,正社員,小売,2320069,6809203,5,0.697293,0
C01392,48,正社員,小売,2515965,9268956,4,0.447383,1
C01393,40,正社員,IT,6277981,12218482,1,0.186095,1
C01394,50,自営業,製造業,8135871,4381887,1,0.125222,0
C01395,44,契約社員,建設,667673,4514230,4,0.829793,0
C01396,44,パート,金融,2007005,5983572,1,0.161642,1
C01397,50,正社員,小売,3224067,5528125,3,0.342471,0
C01398,50,正社員,IT,9463793,14221756,5,0.392426,0
C01399,37,正社員,IT,1052585,7147879,3,0.686828,0
C01400,28,正社員,小売,2195763,13287621,2,0.421704,0
C01401,36,契約社員,製造業,4334758,2726471,2,0.964094,1
C01402,41,正社員,IT,3593246,3323384,1,0.254761,0
C01403,29,正社員,建設,961479,12446979,5,0.796838,1
C01404,30,自営業,建設,5631843,5244069,2,0.609681,0
C01405,67,契約社員,金融,6271647,3074089,1,0.156333,0
C01406,35,正社員,製造業,2181418,9728597,2,0.335354,0
C01407,57,契約社員,製造業,7040031,3914689,5,0.999459,0
C01408,28,正社員,小売,1039039,2797586,1,0.190923,1
C01409,68,自営業,建設,7447707,7279514,5,0.886859,1
C01410,32,契約社員,小売,2961988,9151100,4,0.408082,0
C01411,40,正社員,金融,2631262,8855675,4,0.945478,1
C01412,59,正社員,製造業,2365713,9598389,5,0.6137,0
C01413,31,正社員,IT,8750752,2307135,4,0.682004,0
C01414,48,契約社員,製造業,5269997,5782573,5,0.533697,0
C01415,59,正社員,金融,7057738,6465020,1,0.200196,0
C01416,23,契約社員,IT,2437592,5810599,4,0.651631,0
C01417,23,正社員,製造業,1038177,9267630,3,0.88782,0
C01418,59,正社員,小売,862785,4978030,3,0.869365,1
C01419,34,正社員,金融,4687284,10215912,5,0.801632,0
C01420,65,正社員,医療,3601253,14163793,5,0.638984,0
C01421,66,正社員,金融,7793687,10589785,4,0.7649,0
C01422,64,契約社員,製造業,7989874,7055325,3,0.286827,0
C01423,69,パート,建設,3453492,7651354,3,0.533209,0
C01424,61,正社員,建設,4618824,9608498,2,0.597271,0
C01425,40,契約社員,医療,4124808,11411597,2,0.42325,0
C01426,69,正社員,建設,6913296,5920469,2,0.303902,0
C01427,38,契約社員,金融,6481236,2499377,1,0.125506,0
C01428,50,正社員,建設,6685239,11134632,1,0.019606,0
C01429,22,契約社員,建設,1027068,10600037,4,0.772138,1
C01430,68,正社員,小売,3710433,3318736,2,0.380336,0
C01431,50,正社員,建設,9685883,10145234,5,0.516369,0
C01432,67,契約社員,医療,3747200,2931340,3,0.4355,0
C01433,38,正社員,建設,2157569,10360243,1,0.263781,0
C01434,37,正社員,小売,2396313,11675689,1,0.4937,1
C01435,47,正社員,金融,753384,2201754,2,0.463321,0
C01436,63,パート,医療,7917605,11446684,5,0.951041,0
C01437,48,正社員,医療,550568,3565814,2,0.774776,0
C01438,60,正社員,IT,6163185,5445017,3,0.668009,0
C01439,32,自営業,製造業,4295766,11162967,5,0.898044,1
C01440,59,契約社員,建設,1399488,6615607,5,0.449479,0
C01441,57,正社員,IT,8900407,14701471,2,0.218518,0
C01442,65,契約社員,医療,7548684,14444387,1,0.363981,1
C01443,24,正社員,製造業,8287740,14829799,1,0.247989,0
C01444,40,正社員,医療,9398219,3356293,1,0.553353,0
C01445,26,正社員,建設,9164435,4291741,1,0.291597,1
C01446,41,自営業,IT,7156176,4380912,3,0.335763,0
C01447,58,自営業,製造業,5570932,9609538,5,0.387432,0
C01448,52,正社員,医療,7121486,7590499,3,0.649039,0
C01449,58,正社員,製造業,4763089,11696139,3,0.2017,0
C01450,57,正社員,製造業,2222538,5667286,2,0.758633,1
C01451,69,正社員,建設,4165679,4596822,4,0.922817,0
C01452,64,正社員,建設,4935627,10437111,3,0.236585,0
C01453,50,契約社員,製造業,940971,10024414,5,0.186376,0
C01454,64,正社員,金融,8550953,10977823,5,0.450246,0
C01455,24,パート,小売,9140452,6056828,2,0.35161,0
C01456,56,正社員,小売,4489833,8843045,1,0.682663,0
C01457,47,正社員,金融,5213673,14068572,2,0.887151,0
C01458,67,正社員,金融,8489226,9945565,2,0.290255,0
C01459,46,契約社員,製造業,4823141,14122381,5,0.768253,0
C01460,30,正社員,製造業,7037317,7634471,2,0.670469,1
C01461,56,正社員,医療,5394091,2582955,4,0.499046,1
C01462,67,正社員,IT,3075741,11885035,3,0.431897,1
C01463,22,契約社員,医療,8044468,7985919,1,0.099018,0
C01464,25,パート,製造業,2330804,2547280,2,0.294136,0
C01465,53,正社員,医療,2632475,3803549,3,0.148691,0
C01466,48,正社員,金融,7068202,6067587,3,0.469981,0
C01467,48,正社員,建設,7244057,4482953,2,0.336427,1
C01468,26,正社員,医療,9567434,10897591,2,0.134267,0
C01469,49,パート,金融,7252313,9945080,4,0.844141,1
C01470,49,正社員,建設,734692,6285386,1,0.027508,0
C01471,62,契約社員,金融,8570752,3100536,5,0.497396,1
C01472,40,パート,建設,4432220,3020958,1,0.118602,0
C01473,38,契約社員,医療,582494,14293265,1,0.118571,1
C01474,25,正社員,建設,6000944,6485174,3,0.115946,0
C01475,49,契約社員,建設,2118757,3394798,3,0.296506,0
C01476,53,正社員,金融,4451771,11249432,3,0.863516,1
C01477,35,正社員,製造業,4974945,13309566,2,0.107569,1
C01478,57,パート,小売,1205077,3585803,5,0.722759,1
C01479,67,正社員,製造業,8580134,14283975,3,0.442333,0
C01480,30,正社員,小売,5348317,11420208,3,0.810309,0
C01481,49,正社員,医療,9668611,5276518,2,0.205898,0
C01482,55,正社員,製造業,4916119,12080925,1,0.287936,0
C01483,22,契約社員,医療,6151252,7459304,3,0.422458,1
C01484,30,自営業,小売,8217227,10258910,2,0.411496,0
C01485,40,契約社員,製造業,2515272,3649772,3,0.101293,0
C01486,28,正社員,建設,9135131,5175042,1,0.029706,0
C01487,39,正社員,製造業,2253554,12054556,5,0.592586,0
C01488,29,正社員,小売,9961501,12468840,3,0.449104,0
C01489,65,正社員,小売,6574718,2142097,5,0.75329,1
C01490,50,自営業,建設,5428196,4787752,3,0.215637,0
C01491,37,契約社員,金融,2495657,9897903,1,0.222505,0
C01492,59,自営業,製造業,5906396,13775673,4,0.657844,0
C01493,22,自営業,金融,5754331,10765874,3,0.213941,0
C01494,50,正社員,建設,9845428,11186394,4,0.751974,1
C01495,54,契約社員,医療,8430714,7052328,2,0.344077,0
C01496,60,契約社員,IT,5087491,2711359,3,0.885633,0
C01497,32,パート,金融,4203287,11956885,5,0.390049,0
C01498,50,正社員,医療,4177380,12390733,3,0.125422,0
C01499,58,契約社員,IT,4095486,7762881,2,0.165552,0
C01500,60,正社員,IT,629049,8583636,3,0.1259,0
C01501,30,契約社員,建設,843333,5055662,3,0.726655,0
C01502,68,パート,金融,7638401,7884436,5,0.518601,1
C01503,35,パート,小売,2913803,5145416,2,0.621351,1
C01504,40,正社員,金融,4407241,7466645,2,0.402328,0
C01505,31,正社員,小売,7132819,3742588,4,0.342577,0
C01506,29,自営業,IT,6271280,9886191,3,0.434666,1
C01507,34,契約社員,建設,3923717,5217878,4,0.922629,1
C01508,28,パート,金融,7648028,11419521,3,0.815866,1
C01509,57,正社員,小売,2003839,8730721,2,0.716644,0
C01510,50,自営業,IT,4990082,13647696,4,0.381081,0
C01511,40,契約社員,製造業,1504793,4875212,1,0.037271,0
C01512,48,正社員,小売,5550350,5548282,1,0.070176,0
C01513,51,正社員,製造業,1403007,5159532,3,0.964437,0
C01514,30,契約社員,医療,9444854,10200092,4,0.196768,0
C01515,36,正社員,医療,6761768,3389088,5,0.36098,0
C01516,64,自営業,IT,2831766,10922454,2,0.755252,1
C01517,22,契約社員,IT,6319904,12647579,1,0.22248,1
C01518,67,正社員,小売,3824881,10772363,5,0.31164,0
C01519,68,正社員,IT,5425950,3750723,1,0.106279,0
C01520,34,パート,医療,2089763,8409008,1,0.457802,1
C01521,37,契約社員,製造業,5253101,8935240,2,0.183214,0
C01522,31,自営業,金融,1514396,7083293,3,0.941013,1
C01523,48,自営業,IT,1954800,8062230,5,0.720328,0
C01524,32,契約社員,建設,6048082,11910925,4,0.259122,0
C01525,59,パート,製造業,5255740,12849937,4,0.527499,0
C01526,40,契約社員,金融,3289068,5900127,1,0.282145,0
C01527,68,正社員,医療,1069408,6287811,2,0.150269,0
C01528,62,正社員,金融,4523389,4704691,3,0.215653,1
C01529,41,正社員,IT,9295656,7223133,1,0.085123,0
C01530,50,契約社員,製造業,7226670,9095780,2,0.1792,0
C01531,23,正社員,小売,1051261,11276297,2,0.151662,0
C01532,25,契約社員,製造業,9409920,5478941,1,0.13501,0
C01533,46,パート,金融,4523537,4812424,3,0.363304,0
C01534,44,正社員,小売,5970066,2432031,4,0.504447,1
C01535,41,正社員,金融,505425,3220576,1,0.20606,0
C01536,26,契約社員,建設,3445812,2670484,3,0.808333,0
C01537,62,正社員,建設,7968429,4695833,4,0.792456,0
C01538,41,自営業,製造業,3641510,11035137,4,0.64119,0
C01539,44,正社員,建設,2078616,12064688,4,0.464958,1
C01540,41,正社員,医療,1361279,14650896,2,0.113503,0
C01541,45,契約社員,IT,9286703,9086226,4,0.573901,0
C01542,53,正社員,金融,8222160,7910949,2,0.133498,0
C01543,58,正社員,金融,917788,13691971,2,0.147795,0
C01544,48,正社員,金融,9289628,3911794,1,0.23397,0
C01545,29,正社員,金融,8297480,10193310,3,0.278742,0
C01546,63,自営業,医療,3919253,12635082,2,0.384205,0
C01547,35,正社員,小売,6738059,8533181,2,0.06462,0
C01548,22,正社員,医療,2950519,5398666,4,0.338441,0
C01549,23,正社員,金融,2872489,10071268,2,0.65249,0
C01550,59,正社員,小売,7287797,14943144,2,0.29514,0
C01551,40,正社員,製造業,2422986,5067270,1,0.022258,0
C01552,23,自営業,IT,3874194,9322434,2,0.367247,1
C01553,60,正社員,小売,3897940,2659937,2,0.209523,0
C01554,36,契約社員,IT,1927455,5024223,2,0.219258,0
C01555,68,正社員,医療,8369828,11971973,2,0.631745,0
C01556,64,正社員,IT,6901337,8448062,4,0.40311,0
C01557,24,正社員,製造業,8688588,4589954,5,0.959784,1
C01558,55,契約社員,建設,5477312,6359956,3,0.617798,1
C01559,50,パート,製造業,2165211,3572425,3,0.185104,0
C01560,30,正社員,IT,3155353,12133136,5,0.50782,0
C01561,38,パート,IT,3857756,14257313,5,0.725227,0
C01562,45,正社員,建設,9448636,3375606,3,0.331439,0
C01563,29,契約社員,医療,2756168,5093183,5,0.683176,1
C01564,56,契約社員,IT,7084285,13141036,5,0.646759,0
C01565,35,正社員,金融,1665107,13422690,4,0.33486,1
C01566,66,正社員,金融,9581776,11975380,3,0.693428,0
C01567,60,正社員,建設,6641269,11295602,1,0.189292,0
C01568,52,契約社員,金融,4591463,13197730,1,0.217543,1
C01569,27,正社員,小売,3785775,6855239,3,0.907342,1
C01570,23,自営業,小売,3868270,13634919,3,0.733464,0
C01571,29,正社員,製造業,2641148,13525968,2,0.058702,0
C01572,45,パート,小売,6198134,4987111,3,0.354787,1
C01573,59,正社員,小売,8726979,2949092,3,0.84336,0
C01574,29,契約社員,医療,2791455,8773076,4,0.937839,0
C01575,55,正社員,小売,7609021,11857934,1,0.199004,0
C01576,24,正社員,医療,5878750,13048989,2,0.073091,0
C01577,34,正社員,金融,7850731,3851969,4,0.626523,0
C01578,50,契約社員,建設,7812753,6906044,4,0.20819,0
C01579,61,正社員,医療,872361,11982052,5,0.520873,1
C01580,59,契約社員,製造業,701572,2785298,5,0.486137,1
C01581,47,パート,小売,9193740,11398125,5,0.930575,1
C01582,23,正社員,医療,1976556,5791246,2,0.136369,1
C01583,36,正社員,小売,5960015,2291805,2,0.374772,0
C01584,59,正社員,医療,7654298,5144964,2,0.175955,0
C01585,25,正社員,金融,5286127,11643694,3,0.681625,1
C01586,55,正社員,医療,558556,13310814,5,0.578145,0
C01587,55,契約社員,小売,600560,3056652,2,0.260298,0
C01588,58,正社員,金融,6860721,8030003,3,0.512484,0
C01589,32,正社員,IT,9027791,4615260,2,0.218315,0
C01590,33,契約社員,IT,3762546,10886075,1,0.224248,0
C01591,31,正社員,IT,5666960,12148945,1,0.332641,0
C01592,40,契約社員,建設,9370789,14507549,1,0.077168,0
C01593,47,パート,金融,8338958,6614039,5,0.333347,0
C01594,27,正社員,金融,5634864,5889442,2,0.548683,0
C01595,49,正社員,金融,6727354,6027864,4,0.358662,0
C01596,33,自営業,金融,9632309,11895595,3,0.698869,0
C01597,48,契約社員,建設,8068590,7786021,1,0.418657,1
C01598,36,自営業,金融,4450636,2295933,1,0.084732,0
C01599,67,自営業,金融,7082852,14319013,4,0.946645,0
C01600,37,正社員,小売,3624682,3353510,2,0.152252,0
C01601,63,正社員,小売,9249157,14066292,5,0.720388,0
C01602,30,契約社員,金融,1388593,4104246,1,0.22104,0
C01603,26,契約社員,製造業,2642099,8995752,3,0.349118,0
C01604,31,契約社員,建設,3787107,6061438,4,0.363634,0
C01605,42,正社員,小売,2419951,10928357,2,0.534465,0
C01606,65,自営業,小売,6153045,7238834,2,0.219198,0
C01607,30,正社員,小売,7269145,6775452,5,0.64659,0
C01608,59,正社員,小売,8959192,8201207,2,0.69458,0
C01609,55,正社員,医療,5263251,14620967,2,0.348058,0
C01610,38,正社員,製造業,6402850,5189307,2,0.087891,0
C01611,38,契約社員,製造業,6192031,4856379,2,0.08869,0
C01612,67,正社員,医療,532371,2860799,4,0.365468,0
C01613,56,契約社員,医療,7231154,11602448,4,0.865053,1
C01614,33,正社員,金融,720936,10807800,2,0.223452,0
C01615,65,正社員,小売,5700568,9913884,4,0.309073,0
C01616,41,正社員,金融,9998104,2307597,2,0.202723,0
C01617,25,正社員,医療,7983088,12277551,1,0.085505,0
C01618,61,契約社員,金融,5311541,12523119,3,0.319989,0
C01619,63,正社員,建設,3529240,14285109,5,0.671161,1
C01620,43,正社員,金融,8453500,14079013,1,0.313269,1
C01621,55,正社員,金融,8660410,5421306,2,0.836898,1
C01622,33,正社員,建設,3996089,11234796,3,0.365578,0
C01623,62,正社員,金融,1522925,7234401,4,0.483798,1
C01624,39,パート,製造業,6031235,9747487,1,0.096374,0
C01625,34,正社員,IT,6523038,6322435,2,0.728361,0
C01626,46,正社員,医療,9373666,10541241,4,0.365529,0
C01627,34,自営業,金融,8956259,14385817,2,0.064634,0
C01628,51,契約社員,製造業,2676095,10478887,1,0.201057,0
C01629,57,正社員,医療,2900594,13971048,1,0.170707,0
C01630,41,契約社員,医療,9971477,14112167,2,0.250664,0
C01631,59,パート,金融,3604929,3545421,3,0.085979,0
C01632,42,正社員,小売,4854706,14535977,5,0.899378,1
C01633,68,正社員,建設,3401697,12637585,3,0.410268,0
C01634,34,自営業,製造業,4236735,7547251,3,0.697821,0
C01635,55,自営業,IT,5860505,9801032,5,0.784339,0
C01636,47,パート,小売,3278338,10022029,2,0.345116,1
C01637,67,正社員,小売,4422282,12223004,2,0.110041,0
C01638,32,パート,IT,3850171,12436492,5,0.184192,0
C01639,31,正社員,製造業,1525613,3331702,2,0.241811,0
C01640,63,契約社員,医療,7973608,2013496,4,0.684948,0
C01641,65,自営業,小売,8967229,5204436,4,0.07692,0
C01642,57,正社員,建設,5174241,8851207,1,0.251174,0
C01643,44,正社員,金融,2444428,13039524,3,0.617313,0
C01644,41,契約社員,小売,6609031,10487393,2,0.819417,0
C01645,53,自営業,金融,5573760,3766507,1,0.045685,0
C01646,57,正社員,金融,5736603,11323671,3,0.250311,0
C01647,35,自営業,建設,6150647,8086377,2,0.065457,0
C01648,22,正社員,医療,7320023,6794262,4,0.935177,1
C01649,25,正社員,建設,887142,12031542,5,0.231145,0
C01650,38,正社員,建設,1444444,5843377,4,0.528663,0
C01651,54,パート,製造業,1409267,10042716,2,0.147804,0
C01652,43,正社員,小売,1969030,4367853,2,0.781194,0
C01653,51,契約社員,医療,9731053,6960334,2,0.097416,0
C01654,44,正社員,金融,7435241,9251602,1,0.096835,0
C01655,34,パート,小売,6812867,10104379,5,0.657039,1
C01656,57,自営業,IT,7139112,13950945,2,0.217024,0
C01657,56,正社員,IT,818869,5774498,2,0.529461,1
C01658,68,正社員,建設,2526515,13647716,4,0.724759,0
C01659,61,正社員,IT,8044893,12615893,2,0.4841,0
C01660,40,正社員,小売,4896278,6679557,1,0.602699,1
C01661,55,自営業,小売,5331157,3821092,1,0.07832,0
C01662,38,契約社員,医療,7627355,5352117,3,0.176439,0
C01663,63,正社員,医療,1214396,10551541,4,0.771686,1
C01664,51,契約社員,小売,8087167,12254320,2,0.254281,0
C01665,62,正社員,製造業,6967145,9959538,5,0.730596,0
C01666,35,正社員,小売,4334328,11424740,5,0.576002,0
C01667,22,正社員,医療,5243842,3321993,4,0.756411,0
C01668,28,正社員,金融,1205279,8569418,2,0.591481,1
C01669,47,契約社員,小売,2446738,13359209,1,0.038558,0
C01670,68,正社員,建設,2840550,7057393,5,0.646217,1
C01671,52,契約社員,金融,8838172,13685471,2,0.081133,0
C01672,60,正社員,金融,1570705,3609372,3,0.447795,0
C01673,44,契約社員,金融,3268108,14723604,4,0.744794,0
C01674,68,正社員,医療,1751636,12206802,1,0.074883,0
C01675,67,正社員,金融,3203288,10140957,4,0.399982,1
C01676,32,正社員,IT,600876,10027038,5,0.360891,0
C01677,63,正社員,小売,3091349,14172257,4,0.261302,0
C01678,22,正社員,建設,7375544,6899462,2,0.454589,0
C01679,50,正社員,医療,7790830,4144152,5,0.695513,1
C01680,42,自営業,医療,4104199,13944244,3,0.505662,0
C01681,36,正社員,建設,7208128,3335852,4,0.860073,1
C01682,66,契約社員,建設,6377537,10575745,4,0.648287,0
C01683,53,契約社員,金融,9079884,5457858,4,0.226838,0
C01684,28,正社員,金融,8144123,14080106,2,0.284185,0
C01685,28,契約社員,小売,2678722,14657685,1,0.473288,0
C01686,27,正社員,建設,6091980,8167362,2,0.755528,1
C01687,36,契約社員,小売,7970464,8932392,3,0.079454,1
C01688,25,自営業,IT,3403556,7910032,3,0.49467,0
C01689,34,自営業,製造業,5943933,7527885,3,0.690361,1
C01690,58,正社員,製造業,4302416,14184111,2,0.424878,0
C01691,63,契約社員,金融,3432456,5732379,4,0.894857,0
C01692,59,正社員,建設,2393757,14477289,5,0.200081,0
C01693,45,正社員,建設,836814,10455458,2,0.418239,0
C01694,55,正社員,建設,7623554,14489976,4,0.16655,0
C01695,67,正社員,建設,8280002,9957262,3,0.439057,0
C01696,24,契約社員,製造業,6691451,12645666,3,0.152422,0
C01697,65,自営業,医療,2790178,8369667,1,0.1186,0
C01698,56,正社員,医療,678819,8011280,4,0.320124,0
C01699,40,契約社員,医療,6501559,5347341,5,0.415104,0
C01700,43,契約社員,金融,2399184,4733891,4,0.352695,0
C01701,43,パート,IT,5714245,2489988,5,0.515402,0
C01702,29,契約社員,医療,9717138,6984731,5,0.671815,0
C01703,33,正社員,IT,542270,14840620,2,0.055976,0
C01704,36,正社員,建設,5983461,14197868,3,0.732974,0
C01705,22,契約社員,医療,9946265,10972883,3,0.455598,0
C01706,46,正社員,医療,3675862,6726206,5,0.637325,0
C01707,44,パート,小売,8236129,8764772,1,0.134717,0
C01708,37,パート,医療,8367090,11837327,2,0.440139,1
C01709,30,パート,建設,5121477,2026139,5,0.535476,0
C01710,68,正社員,医療,3415200,13999057,2,0.394309,1
C01711,54,契約社員,金融,6963243,13315791,4,0.945216,1
C01712,44,契約社員,小売,6384824,14615099,2,0.335599,0
C01713,56,正社員,建設,5027645,3226617,5,0.91945,0
C01714,39,正社員,IT,2330965,14319764,5,0.970258,0
C01715,32,正社員,IT,7573570,9975492,2,0.309706,0
C01716,54,正社員,金融,2508187,9215749,4,0.39051,0
C01717,58,パート,金融,1776121,4333849,2,0.227024,0
C01718,53,自営業,建設,1138515,8394441,3,0.301116,0
C01719,49,正社員,医療,4740334,6722929,3,0.932987,0
C01720,22,正社員,製造業,1640902,14839327,4,0.911702,1
C01721,52,正社員,IT,3687603,6416250,1,0.019913,0
C01722,51,正社員,医療,2797069,4836329,2,0.593393,1
C01723,41,正社員,小売,4866725,14302908,4,0.374712,0
C01724,33,契約社員,IT,7887443,4437893,3,0.672162,0
C01725,68,契約社員,小売,4779490,13758457,3,0.446944,0
C01726,40,自営業,医療,5792508,14521370,1,0.285303,1
C01727,35,自営業,金融,1859392,5995623,2,0.250946,0
C01728,55,正社員,金融,1574104,10959533,5,0.581374,0
C01729,45,契約社員,小売,9776642,12357775,1,0.241395,0
C01730,48,正社員,医療,6389740,8971952,2,0.607296,1
C01731,53,正社員,小売,647175,11060781,5,0.510597,0
C01732,39,正社員,医療,5868838,3716647,1,0.459322,1
C01733,29,正社員,建設,595692,8708398,4,0.44666,0
C01734,30,正社員,金融,1233200,8672123,2,0.043529,0
C01735,67,正社員,金融,4047692,9364167,5,0.22714,0
C01736,46,正社員,建設,6736299,14274875,4,0.374611,0
C01737,42,パート,製造業,6393575,12721183,5,0.656054,0
C01738,37,正社員,IT,8014378,9837587,2,0.840926,1
C01739,56,正社員,IT,2206705,7243343,3,0.867479,1
C01740,65,パート,建設,2320850,7260172,4,0.226636,0
C01741,58,契約社員,建設,5565343,2262166,2,0.594512,0
C01742,47,正社員,建設,8752667,9164339,2,0.528689,1
C01743,44,パート,製造業,7366334,5281966,1,0.2005,0
C01744,63,正社員,IT,6858268,13519887,5,0.904836,0
C01745,63,正社員,IT,1393575,12057039,4,0.859057,1
C01746,40,正社員,製造業,8841021,13867033,3,0.463134,0
C01747,68,正社員,IT,9852013,14945606,4,0.847016,0
C01748,61,自営業,金融,6031712,7201146,3,0.695971,0
C01749,62,正社員,医療,3698656,7569067,3,0.696475,0
C01750,24,契約社員,IT,6794148,9904793,2,0.200192,0
C01751,28,契約社員,医療,6602947,7596670,3,0.529294,0
C01752,36,パート,建設,9326457,5629634,2,0.397074,0
C01753,58,正社員,製造業,1551838,11192705,5,0.448305,0
C01754,25,正社員,IT,5394783,7864109,4,0.603018,0
C01755,25,パート,金融,7240121,14243993,2,0.387504,0
C01756,23,契約社員,医療,3815529,4858474,3,0.341295,0
C01757,31,正社員,建設,8484336,7769316,1,0.040005,0
C01758,66,正社員,医療,1114921,8909139,5,0.690873,0
C01759,56,自営業,IT,1500208,13802043,5,0.659183,0
C01760,56,契約社員,医療,8012926,9517122,5,0.832576,1
C01761,36,契約社員,医療,1695700,2897684,2,0.566673,1
C01762,52,自営業,小売,4475779,6391877,1,0.093552,0
C01763,59,正社員,製造業,3169950,13519172,2,0.225309,0
C01764,47,正社員,IT,7037269,5537538,1,0.144704,0
C01765,63,契約社員,製造業,613390,6428411,1,0.153647,0
C01766,49,自営業,建設,3890288,3963333,1,0.178681,0
C01767,37,正社員,IT,9867488,11352162,5,0.425695,0
C01768,52,契約社員,建設,4004009,3814067,1,0.080869,0
C01769,67,正社員,IT,6184649,6781492,1,0.145918,0
C01770,61,正社員,医療,9886535,11248995,4,0.589191,0
C01771,45,パート,建設,6272100,13641400,3,0.15409,0
C01772,50,正社員,金融,7672317,4881294,4,0.445709,0
C01773,68,正社員,金融,9610141,6318329,3,0.274589,0
C01774,57,自営業,製造業,6363459,3533701,5,0.563482,0
C01775,46,正社員,製造業,8404278,7692420,3,0.355746,0
C01776,35,正社員,医療,5328344,14985332,3,0.63925,0
C01777,65,自営業,建設,8235308,5954892,4,0.343465,0
C01778,68,正社員,医療,6598782,5378914,2,0.052854,0
C01779,25,契約社員,小売,3725272,7196360,2,0.430894,1
C01780,23,正社員,IT,5803209,13648628,3,0.425767,1
C01781,27,正社員,製造業,3681202,9111700,1,0.221327,1
C01782,40,契約社員,建設,4272268,9919418,4,0.719723,0
C01783,29,正社員,IT,3271510,12146960,2,0.102075,0
C01784,64,自営業,製造業,5165460,11295912,1,0.268639,0
C01785,65,パート,製造業,3793610,9785079,2,0.480812,0
C01786,30,自営業,小売,6447257,9291946,4,0.963047,1
C01787,61,正社員,医療,4010333,8932164,2,0.563616,0
C01788,28,正社員,金融,5164540,4350545,3,0.921702,1
C01789,59,自営業,医療,1830035,7386363,5,0.442146,0
C01790,39,正社員,金融,4172607,13011671,1,0.023805,0
C01791,23,契約社員,建設,3881505,2511984,4,0.689935,0
C01792,42,自営業,IT,9630113,12763646,2,0.753488,1
C01793,61,正社員,小売,4744097,9357220,2,0.129407,0
C01794,66,正社員,IT,704556,6545911,3,0.665006,0
C01795,27,契約社員,建設,3438800,3482806,5,0.253134,0
C01796,62,契約社員,金融,7429504,11930059,2,0.412232,0
C01797,36,正社員,製造業,2070796,2009213,3,0.657033,0
C01798,44,契約社員,IT,2048362,9059523,2,0.398998,0
C01799,27,自営業,金融,4047399,4111009,3,0.280968,0
C01800,68,正社員,金融,3889380,13817639,3,0.505836,1
C01801,59,正社員,IT,5068624,4369940,3,0.613027,0
C01802,52,契約社員,小売,824512,12436717,3,0.497397,0
C01803,56,自営業,医療,7346920,9462872,1,0.439445,1
C01804,63,パート,建設,2532602,2532945,3,0.348942,1
C01805,28,正社員,IT,7256759,11360783,3,0.85298,0
C01806,33,自営業,建設,5863520,13430588,3,0.639868,1
C01807,23,自営業,医療,2425602,4879250,1,0.105871,0
C01808,45,契約社員,IT,4960583,14591364,2,0.25103,0
C01809,45,正社員,IT,848226,12378811,2,0.246521,0
C01810,23,正社員,製造業,7167113,11648031,1,0.185379,0
C01811,53,正社員,医療,3386095,6368579,2,0.128018,0
C01812,22,正社員,建設,4143059,3558876,2,0.146264,1
C01813,60,正社員,金融,1992795,7581293,4,0.446791,0
C01814,55,パート,医療,3967328,12495887,2,0.153516,0
C01815,61,正社員,小売,4259990,9626469,4,0.333115,0
C01816,27,パート,医療,2637069,10417358,3,0.614246,1
C01817,63,正社員,医療,9803789,12153221,4,0.927334,1
C01818,48,自営業,医療,3158198,6404742,3,0.33545,1
C01819,63,正社員,金融,2220178,2485647,3,0.327756,0
C01820,55,契約社員,小売,5707960,13492398,3,0.245775,0
C01821,53,契約社員,IT,3529302,9974181,5,0.901217,0
C01822,23,パート,医療,4812645,9352367,3,0.735017,1
C01823,55,正社員,IT,7388586,9452599,3,0.329988,0
C01824,43,正社員,金融,1243120,13088063,3,0.501199,1
C01825,62,パート,小売,5337236,12000762,4,0.961181,1
C01826,54,正社員,建設,705971,10711479,1,0.127385,0
C01827,25,契約社員,建設,917317,12166144,3,0.898911,1
C01828,64,正社員,医療,1378966,5750709,3,0.71999,0
C01829,25,正社員,建設,2036055,11252394,5,0.234394,0
C01830,36,契約社員,建設,3819656,14675244,3,0.099488,0
C01831,32,契約社員,小売,9384871,5054535,3,0.849593,1
C01832,68,契約社員,金融,9108947,9423072,5,0.751691,0
C01833,29,正社員,医療,1480067,10855765,3,0.422597,0
C01834,62,契約社員,金融,9916149,8717818,1,0.021661,0
C01835,32,パート,小売,6533382,14595025,2,0.491,0
C01836,53,正社員,IT,5760105,7245625,1,0.286953,0
C01837,26,正社員,金融,8027094,4832046,1,0.045836,0
C01838,40,正社員,金融,5102189,3772474,2,0.421194,0
C01839,51,自営業,IT,3021671,13040713,4,0.359885,0
C01840,56,正社員,建設,5531764,10920768,4,0.914727,0
C01841,63,契約社員,建設,7388241,9513999,1,0.217204,0
C01842,61,正社員,建設,6985548,7600390,3,0.948,1
C01843,46,契約社員,製造業,2114004,7329278,1,0.394761,0
C01844,36,自営業,IT,9412345,14149963,5,0.353319,0
C01845,34,正社員,IT,3205127,10844755,1,0.198194,0
C01846,69,正社員,建設,8289745,14546264,3,0.542712,0
C01847,51,正社員,医療,3462309,12419581,2,0.510464,0
C01848,65,正社員,金融,1102386,11979331,3,0.535188,1
C01849,42,正社員,IT,9966133,9197277,2,0.285705,0
C01850,45,自営業,小売,6093450,5152432,4,0.268202,0
C01851,61,正社員,医療,2538437,10496211,2,0.932402,0
C01852,56,正社員,金融,503081,11307736,5,0.85448,0
C01853,31,正社員,IT,1727471,8785608,3,0.40405,0
C01854,47,正社員,小売,2113919,2265482,4,0.574289,1
C01855,32,パート,医療,9294069,14480043,4,0.406162,0
C01856,58,正社員,建設,2181544,12743207,5,0.583196,0
C01857,23,正社員,小売,2038341,6578659,2,0.420032,0
C01858,61,正社員,建設,8459143,8417041,2,0.48474,0
C01859,66,パート,製造業,8853160,3603757,2,0.412263,0
C01860,23,自営業,建設,2485342,14177616,2,0.143189,0
C01861,52,正社員,製造業,6679338,4998176,3,0.673005,1
C01862,25,契約社員,金融,5577234,6910880,5,0.661014,0
C01863,39,自営業,金融,5980184,7571157,5,0.56801,0
C01864,38,自営業,建設,3457591,5421257,3,0.137163,0
C01865,46,正社員,IT,7637718,10250921,3,0.553017,0
C01866,66,契約社員,IT,8869319,14935733,5,0.328945,0
C01867,44,契約社員,医療,7396990,13118298,5,0.243843,0
C01868,41,正社員,金融,9080009,8898812,2,0.350267,0
C01869,26,正社員,建設,1549998,3702543,3,0.513977,1
C01870,64,正社員,小売,6742023,13221373,4,0.62271,0
C01871,37,正社員,小売,9994929,5337626,2,0.407527,0
C01872,44,正社員,建設,5588920,13843744,2,0.185244,0
C01873,26,自営業,建設,9447953,7140600,5,0.608057,0
C01874,35,自営業,医療,3809583,8740093,5,0.548242,0
C01875,48,正社員,建設,9017624,7676982,5,0.916136,0
C01876,65,正社員,IT,9418612,7924281,4,0.820214,1
C01877,37,契約社員,IT,6411747,4144730,2,0.054513,0
C01878,48,正社員,医療,7193601,9187517,2,0.380668,1
C01879,64,正社員,金融,5466518,7238628,3,0.677923,1
C01880,39,自営業,IT,3511104,13020614,3,0.140851,0
C01881,36,正社員,製造業,5594647,8203865,3,0.33338,0
C01882,24,正社員,小売,9643128,14540583,3,0.316497,0
C01883,65,契約社員,小売,641900,5856662,2,0.350848,1
C01884,27,契約社員,建設,2448316,6268187,4,0.656485,1
C01885,32,正社員,建設,5244960,2477424,2,0.345929,1
C01886,28,契約社員,建設,3724444,11602195,2,0.708214,1
C01887,55,パート,小売,6425811,2955121,1,0.190316,0
C01888,39,正社員,医療,3925247,5709868,1,0.142109,1
C01889,55,契約社員,医療,6757709,13837180,5,0.167898,0
C01890,51,正社員,建設,1510081,9942390,2,0.339794,0
C01891,22,正社員,金融,3655325,9264128,2,0.922989,0
C01892,36,正社員,IT,7081707,12462265,4,0.603182,0
C01893,22,正社員,製造業,4977182,12029409,3,0.070949,0
C01894,25,正社員,医療,7279931,13524323,1,0.097168,0
C01895,44,自営業,建設,6544951,10648566,2,0.556017,1
C01896,34,正社員,医療,3620728,7833310,1,0.130146,0
C01897,26,自営業,建設,4568902,3698602,3,0.705755,0
C01898,41,正社員,金融,9664587,6806824,2,0.725157,0
C01899,43,自営業,製造業,9640285,11168174,1,0.211099,0
C01900,69,正社員,製造業,838018,5294871,1,0.15234,0
C01901,53,正社員,建設,7201700,10722670,3,0.926575,0
C01902,40,契約社員,IT,5164287,3734423,1,0.428771,0
C01903,44,自営業,金融,512100,2785399,4,0.549409,1
C01904,26,正社員,医療,6524089,6743928,1,0.274012,0
C01905,40,正社員,金融,721155,4988411,3,0.369383,0
C01906,49,契約社員,医療,3528733,13335712,2,0.69811,1
C01907,23,契約社員,小売,7057852,6917553,2,0.211391,0
C01908,66,正社員,建設,8220312,7444524,1,0.400852,0
C01909,46,自営業,製造業,4420128,7245553,4,0.165174,0
C01910,59,正社員,金融,8183227,6124811,5,0.970149,0
C01911,35,正社員,IT,8474974,13930426,1,0.366543,0
C01912,62,契約社員,製造業,4751667,11608719,1,0.122406,1
C01913,39,パート,医療,2143646,4065011,5,0.213388,0
C01914,66,正社員,小売,6762367,4802598,3,0.373225,0
C01915,47,正社員,金融,631355,3053100,1,0.153116,0
C01916,52,正社員,金融,8985558,5331728,2,0.330857,0
C01917,31,契約社員,IT,4186782,10535463,3,0.814943,0
C01918,69,正社員,製造業,7720249,14166813,4,0.714882,1
C01919,31,正社員,医療,7492609,8261302,3,0.813763,1
C01920,23,正社員,製造業,4992216,3060666,5,0.921708,0
C01921,43,自営業,金融,9731414,2616001,3,0.363505,0
C01922,62,正社員,製造業,8064974,7390205,2,0.638182,0
C01923,66,契約社員,医療,8894712,5440951,3,0.349865,0
C01924,63,正社員,IT,1392076,9497766,2,0.723803,1
C01925,48,正社員,金融,5098709,3537741,2,0.287501,0
C01926,66,正社員,建設,9543667,4993389,1,0.289363,0
C01927,45,正社員,小売,8221765,9225879,2,0.093725,0
C01928,44,正社員,金融,4814030,5653162,4,0.449394,0
C01929,30,正社員,小売,1168139,6741168,1,0.059698,0
C01930,59,正社員,金融,3181077,4883989,2,0.556038,1
C01931,37,正社員,IT,5936587,2669593,3,0.467922,0
C01932,31,正社員,小売,6597576,6487412,3,0.760997,0
C01933,39,正社員,金融,9280835,6286380,4,0.726951,0
C01934,50,正社員,医療,1382213,13680575,4,0.656826,0
C01935,34,正社員,金融,4265659,13605352,4,0.775882,0
C01936,39,契約社員,建設,3084848,7610635,1,0.445926,0
C01937,37,パート,IT,9620956,5743784,3,0.892203,1
C01938,50,契約社員,小売,2077990,7431777,3,0.9999,1
C01939,56,正社員,小売,2596508,9902660,2,0.652699,0
C01940,54,パート,建設,3329274,7025551,1,0.106967,0
C01941,28,パート,金融,1503521,11829923,2,0.769665,0
C01942,38,正社員,建設,6612941,14533505,3,0.860169,0
C01943,53,正社員,製造業,5485242,7243499,2,0.103961,0
C01944,32,契約社員,建設,5797745,3524892,1,0.305283,1
C01945,25,パート,建設,9118846,3570564,4,0.460321,0
C01946,37,自営業,金融,4614512,13334381,5,0.426924,1
C01947,54,契約社員,製造業,3457152,7409249,2,0.189132,0
C01948,53,契約社員,小売,4066445,6253094,5,0.967212,0
C01949,28,パート,建設,8101523,10052172,1,0.222147,1
C01950,54,正社員,金融,5520025,14434651,5,0.9999,0
C01951,31,正社員,製造業,2107374,7520496,5,0.086475,0
C01952,57,自営業,金融,7053147,6097954,1,0.524753,1
C01953,49,正社員,医療,7582919,13215369,4,0.843185,1
C01954,28,正社員,IT,2874291,3077366,5,0.927866,1
C01955,38,正社員,小売,5791756,12975512,5,0.995822,1
C01956,61,正社員,金融,5854823,8760545,5,0.277052,0
C01957,42,正社員,建設,2162661,2262073,3,0.06117,0
C01958,55,契約社員,金融,586673,4962252,1,0.275687,0
C01959,57,正社員,金融,7321829,10829918,4,0.908851,0
C01960,23,契約社員,小売,6346498,11788868,3,0.97665,0
C01961,66,正社員,小売,7280683,4543095,3,0.534791,1
C01962,38,パート,金融,4084752,10544973,2,0.415021,0
C01963,60,契約社員,IT,5396635,14860476,3,0.659321,0
C01964,44,パート,製造業,9825831,10924099,1,0.160733,0
C01965,49,正社員,建設,2641942,11131836,4,0.422945,0
C01966,39,正社員,金融,6701682,4515363,1,0.134214,1
C01967,62,自営業,小売,1756792,10287445,4,0.690504,0
C01968,27,自営業,金融,1124056,11212194,4,0.926075,0
C01969,65,正社員,医療,9593923,3438357,3,0.253843,0
C01970,31,契約社員,建設,1733296,6047303,3,0.424585,0
C01971,64,契約社員,金融,6730219,13473693,2,0.14192,1
C01972,23,正社員,IT,5384953,14982763,5,0.380554,0
C01973,22,契約社員,建設,8187794,4251652,4,0.945052,1
C01974,26,正社員,製造業,5692754,11512980,2,0.745116,0
C01975,48,正社員,製造業,7121220,8521117,1,0.32547,0
C01976,34,自営業,製造業,8994278,9675350,2,0.639517,1
C01977,50,正社員,金融,8380000,8642056,3,0.244689,0
C01978,61,自営業,金融,7357647,13272531,5,0.512865,0
C01979,23,契約社員,IT,2043662,7786458,4,0.24894,0
C01980,47,パート,IT,2109417,9661052,2,0.212297,1
C01981,57,正社員,IT,5221027,10700553,5,0.541715,1
C01982,42,正社員,金融,6759127,9185748,2,0.09958,0
C01983,66,正社員,IT,6837685,13435209,5,0.494761,0
C01984,53,契約社員,小売,7973417,5085103,2,0.32013,0
C01985,23,正社員,金融,1482204,14324072,3,0.150281,0
C01986,47,契約社員,医療,2147710,10815456,5,0.559406,0
C01987,40,正社員,医療,1924591,14480724,2,0.380886,1
C01988,28,正社員,小売,5640003,6870377,3,0.726096,1
C01989,67,自営業,小売,6522835,8224924,5,0.352226,0
C01990,32,自営業,製造業,1597582,2560074,1,0.085315,0
C01991,26,正社員,小売,8752706,14011742,1,0.153626,0
C01992,32,契約社員,金融,3382736,12608804,3,0.178033,0
C01993,61,正社員,IT,6773954,5851960,2,0.834301,1
C01994,50,自営業,建設,7640445,2674351,1,0.21182,0
C01995,61,正社員,製造業,843945,11058941,3,0.529728,1
C01996,44,正社員,IT,8715762,10739902,4,0.735429,0
C01997,27,正社員,建設,9719113,8859784,2,0.053814,0
C01998,40,正社員,医療,9607038,4037371,2,0.31179,0
C01999,31,自営業,小売,1825315,13939075,4,0.694135,0
C02000,48,正社員,小売,4230247,7623404,3,0.441638,0
